"species","date","day.total","total.obs.mins","time.of.obs","principle.observer","wind.dir.speed","visibility"
"ABDU",2014-08-14,0,120,"6:30-8:30","Keith","ENE 20-30",NA
"AMCR",2014-08-14,0,120,"6:30-8:30","Keith","ENE 20-30",NA
"ATSP",2014-08-14,0,120,"6:30-8:30","Keith","ENE 20-30",NA
"BAEA",2014-08-14,0,120,"6:30-8:30","Keith","ENE 20-30",NA
"BAOR",2014-08-14,0,120,"6:30-8:30","Keith","ENE 20-30",NA
"BLGU",2014-08-14,0,120,"6:30-8:30","Keith","ENE 20-30",NA
"BLKI",2014-08-14,0,120,"6:30-8:30","Keith","ENE 20-30",NA
"BLSC",2014-08-14,0,120,"6:30-8:30","Keith","ENE 20-30",NA
"BOGU",2014-08-14,0,120,"6:30-8:30","Keith","ENE 20-30",NA
"BOWA",2014-08-14,0,120,"6:30-8:30","Keith","ENE 20-30",NA
"BUFF",2014-08-14,0,120,"6:30-8:30","Keith","ENE 20-30",NA
"CATE",2014-08-14,0,120,"6:30-8:30","Keith","ENE 20-30",NA
"COEI",2014-08-14,0,120,"6:30-8:30","Keith","ENE 20-30",NA
"COGO",2014-08-14,0,120,"6:30-8:30","Keith","ENE 20-30",NA
"COGR",2014-08-14,0,120,"6:30-8:30","Keith","ENE 20-30",NA
"COLO",2014-08-14,0,120,"6:30-8:30","Keith","ENE 20-30",NA
"Calidris sp.",2014-08-14,0,120,"6:30-8:30","Keith","ENE 20-30",NA
"DCCO",2014-08-14,1,120,"6:30-8:30","Keith","ENE 20-30",NA
"GBHE",2014-08-14,0,120,"6:30-8:30","Keith","ENE 20-30",NA
"GRCO",2014-08-14,0,120,"6:30-8:30","Keith","ENE 20-30",NA
"HADU",2014-08-14,0,120,"6:30-8:30","Keith","ENE 20-30",NA
"LAGU",2014-08-14,0,120,"6:30-8:30","Keith","ENE 20-30",NA
"LESC",2014-08-14,0,120,"6:30-8:30","Keith","ENE 20-30",NA
"LTDU",2014-08-14,0,120,"6:30-8:30","Keith","ENE 20-30",NA
"MERL",2014-08-14,0,120,"6:30-8:30","Keith","ENE 20-30",NA
"NOGA",2014-08-14,0,120,"6:30-8:30","Keith","ENE 20-30",NA
"NOPI",2014-08-14,0,120,"6:30-8:30","Keith","ENE 20-30",NA
"PAJA",2014-08-14,0,120,"6:30-8:30","Keith","ENE 20-30",NA
"PEFA",2014-08-14,0,120,"6:30-8:30","Keith","ENE 20-30",NA
"PISI",2014-08-14,0,120,"6:30-8:30","Keith","ENE 20-30",NA
"RBGU",2014-08-14,0,120,"6:30-8:30","Keith","ENE 20-30",NA
"RBME",2014-08-14,0,120,"6:30-8:30","Keith","ENE 20-30",NA
"RNGR",2014-08-14,0,120,"6:30-8:30","Keith","ENE 20-30",NA
"RTLO",2014-08-14,0,120,"6:30-8:30","Keith","ENE 20-30",NA
"RUTU",2014-08-14,0,120,"6:30-8:30","Keith","ENE 20-30",NA
"SNBU",2014-08-14,0,120,"6:30-8:30","Keith","ENE 20-30",NA
"SSHA",2014-08-14,0,120,"6:30-8:30","Keith","ENE 20-30",NA
"SUSC",2014-08-14,0,120,"6:30-8:30","Keith","ENE 20-30",NA
"SWSP",2014-08-14,0,120,"6:30-8:30","Keith","ENE 20-30",NA
"Scoter sp.",2014-08-14,0,120,"6:30-8:30","Keith","ENE 20-30",NA
"UNID",2014-08-14,0,120,"6:30-8:30","Keith","ENE 20-30",NA
"WHIM",2014-08-14,0,120,"6:30-8:30","Keith","ENE 20-30",NA
"WWSC",2014-08-14,0,120,"6:30-8:30","Keith","ENE 20-30",NA
"YBCH",2014-08-14,0,120,"6:30-8:30","Keith","ENE 20-30",NA
"YRWA",2014-08-14,0,120,"6:30-8:30","Keith","ENE 20-30",NA
"ABDU",2014-08-18,0,120,"6:30-8:30","Keith","Var 1-10",NA
"AMCR",2014-08-18,0,120,"6:30-8:30","Keith","Var 1-10",NA
"ATSP",2014-08-18,0,120,"6:30-8:30","Keith","Var 1-10",NA
"BAEA",2014-08-18,0,120,"6:30-8:30","Keith","Var 1-10",NA
"BAOR",2014-08-18,0,120,"6:30-8:30","Keith","Var 1-10",NA
"BLGU",2014-08-18,4,120,"6:30-8:30","Keith","Var 1-10",NA
"BLKI",2014-08-18,0,120,"6:30-8:30","Keith","Var 1-10",NA
"BLSC",2014-08-18,0,120,"6:30-8:30","Keith","Var 1-10",NA
"BOGU",2014-08-18,0,120,"6:30-8:30","Keith","Var 1-10",NA
"BOWA",2014-08-18,0,120,"6:30-8:30","Keith","Var 1-10",NA
"BUFF",2014-08-18,0,120,"6:30-8:30","Keith","Var 1-10",NA
"CATE",2014-08-18,0,120,"6:30-8:30","Keith","Var 1-10",NA
"COEI",2014-08-18,0,120,"6:30-8:30","Keith","Var 1-10",NA
"COGO",2014-08-18,0,120,"6:30-8:30","Keith","Var 1-10",NA
"COGR",2014-08-18,0,120,"6:30-8:30","Keith","Var 1-10",NA
"COLO",2014-08-18,0,120,"6:30-8:30","Keith","Var 1-10",NA
"Calidris sp.",2014-08-18,0,120,"6:30-8:30","Keith","Var 1-10",NA
"DCCO",2014-08-18,78,120,"6:30-8:30","Keith","Var 1-10",NA
"GBHE",2014-08-18,0,120,"6:30-8:30","Keith","Var 1-10",NA
"GRCO",2014-08-18,0,120,"6:30-8:30","Keith","Var 1-10",NA
"HADU",2014-08-18,0,120,"6:30-8:30","Keith","Var 1-10",NA
"LAGU",2014-08-18,0,120,"6:30-8:30","Keith","Var 1-10",NA
"LESC",2014-08-18,0,120,"6:30-8:30","Keith","Var 1-10",NA
"LTDU",2014-08-18,0,120,"6:30-8:30","Keith","Var 1-10",NA
"MERL",2014-08-18,0,120,"6:30-8:30","Keith","Var 1-10",NA
"NOGA",2014-08-18,0,120,"6:30-8:30","Keith","Var 1-10",NA
"NOPI",2014-08-18,0,120,"6:30-8:30","Keith","Var 1-10",NA
"PAJA",2014-08-18,0,120,"6:30-8:30","Keith","Var 1-10",NA
"PEFA",2014-08-18,0,120,"6:30-8:30","Keith","Var 1-10",NA
"PISI",2014-08-18,0,120,"6:30-8:30","Keith","Var 1-10",NA
"RBGU",2014-08-18,0,120,"6:30-8:30","Keith","Var 1-10",NA
"RBME",2014-08-18,0,120,"6:30-8:30","Keith","Var 1-10",NA
"RNGR",2014-08-18,0,120,"6:30-8:30","Keith","Var 1-10",NA
"RTLO",2014-08-18,0,120,"6:30-8:30","Keith","Var 1-10",NA
"RUTU",2014-08-18,0,120,"6:30-8:30","Keith","Var 1-10",NA
"SNBU",2014-08-18,0,120,"6:30-8:30","Keith","Var 1-10",NA
"SSHA",2014-08-18,0,120,"6:30-8:30","Keith","Var 1-10",NA
"SUSC",2014-08-18,0,120,"6:30-8:30","Keith","Var 1-10",NA
"SWSP",2014-08-18,0,120,"6:30-8:30","Keith","Var 1-10",NA
"Scoter sp.",2014-08-18,0,120,"6:30-8:30","Keith","Var 1-10",NA
"UNID",2014-08-18,0,120,"6:30-8:30","Keith","Var 1-10",NA
"WHIM",2014-08-18,0,120,"6:30-8:30","Keith","Var 1-10",NA
"WWSC",2014-08-18,0,120,"6:30-8:30","Keith","Var 1-10",NA
"YBCH",2014-08-18,0,120,"6:30-8:30","Keith","Var 1-10",NA
"YRWA",2014-08-18,0,120,"6:30-8:30","Keith","Var 1-10",NA
"ABDU",2014-08-21,0,120,"6:30-8:30","Keith","Var 1-3",NA
"AMCR",2014-08-21,0,120,"6:30-8:30","Keith","Var 1-3",NA
"ATSP",2014-08-21,0,120,"6:30-8:30","Keith","Var 1-3",NA
"BAEA",2014-08-21,0,120,"6:30-8:30","Keith","Var 1-3",NA
"BAOR",2014-08-21,0,120,"6:30-8:30","Keith","Var 1-3",NA
"BLGU",2014-08-21,0,120,"6:30-8:30","Keith","Var 1-3",NA
"BLKI",2014-08-21,0,120,"6:30-8:30","Keith","Var 1-3",NA
"BLSC",2014-08-21,39,120,"6:30-8:30","Keith","Var 1-3",NA
"BOGU",2014-08-21,0,120,"6:30-8:30","Keith","Var 1-3",NA
"BOWA",2014-08-21,0,120,"6:30-8:30","Keith","Var 1-3",NA
"BUFF",2014-08-21,0,120,"6:30-8:30","Keith","Var 1-3",NA
"CATE",2014-08-21,0,120,"6:30-8:30","Keith","Var 1-3",NA
"COEI",2014-08-21,0,120,"6:30-8:30","Keith","Var 1-3",NA
"COGO",2014-08-21,0,120,"6:30-8:30","Keith","Var 1-3",NA
"COGR",2014-08-21,0,120,"6:30-8:30","Keith","Var 1-3",NA
"COLO",2014-08-21,2,120,"6:30-8:30","Keith","Var 1-3",NA
"Calidris sp.",2014-08-21,9,120,"6:30-8:30","Keith","Var 1-3",NA
"DCCO",2014-08-21,180,120,"6:30-8:30","Keith","Var 1-3",NA
"GBHE",2014-08-21,2,120,"6:30-8:30","Keith","Var 1-3",NA
"GRCO",2014-08-21,0,120,"6:30-8:30","Keith","Var 1-3",NA
"HADU",2014-08-21,0,120,"6:30-8:30","Keith","Var 1-3",NA
"LAGU",2014-08-21,0,120,"6:30-8:30","Keith","Var 1-3",NA
"LESC",2014-08-21,0,120,"6:30-8:30","Keith","Var 1-3",NA
"LTDU",2014-08-21,0,120,"6:30-8:30","Keith","Var 1-3",NA
"MERL",2014-08-21,1,120,"6:30-8:30","Keith","Var 1-3",NA
"NOGA",2014-08-21,0,120,"6:30-8:30","Keith","Var 1-3",NA
"NOPI",2014-08-21,0,120,"6:30-8:30","Keith","Var 1-3",NA
"PAJA",2014-08-21,0,120,"6:30-8:30","Keith","Var 1-3",NA
"PEFA",2014-08-21,0,120,"6:30-8:30","Keith","Var 1-3",NA
"PISI",2014-08-21,0,120,"6:30-8:30","Keith","Var 1-3",NA
"RBGU",2014-08-21,0,120,"6:30-8:30","Keith","Var 1-3",NA
"RBME",2014-08-21,0,120,"6:30-8:30","Keith","Var 1-3",NA
"RNGR",2014-08-21,0,120,"6:30-8:30","Keith","Var 1-3",NA
"RTLO",2014-08-21,0,120,"6:30-8:30","Keith","Var 1-3",NA
"RUTU",2014-08-21,0,120,"6:30-8:30","Keith","Var 1-3",NA
"SNBU",2014-08-21,0,120,"6:30-8:30","Keith","Var 1-3",NA
"SSHA",2014-08-21,1,120,"6:30-8:30","Keith","Var 1-3",NA
"SUSC",2014-08-21,0,120,"6:30-8:30","Keith","Var 1-3",NA
"SWSP",2014-08-21,0,120,"6:30-8:30","Keith","Var 1-3",NA
"Scoter sp.",2014-08-21,0,120,"6:30-8:30","Keith","Var 1-3",NA
"UNID",2014-08-21,0,120,"6:30-8:30","Keith","Var 1-3",NA
"WHIM",2014-08-21,0,120,"6:30-8:30","Keith","Var 1-3",NA
"WWSC",2014-08-21,0,120,"6:30-8:30","Keith","Var 1-3",NA
"YBCH",2014-08-21,0,120,"6:30-8:30","Keith","Var 1-3",NA
"YRWA",2014-08-21,0,120,"6:30-8:30","Keith","Var 1-3",NA
"ABDU",2014-08-25,0,120,"6:30-8:30","Keith","Calm 1-3",NA
"AMCR",2014-08-25,0,120,"6:30-8:30","Keith","Calm 1-3",NA
"ATSP",2014-08-25,0,120,"6:30-8:30","Keith","Calm 1-3",NA
"BAEA",2014-08-25,0,120,"6:30-8:30","Keith","Calm 1-3",NA
"BAOR",2014-08-25,0,120,"6:30-8:30","Keith","Calm 1-3",NA
"BLGU",2014-08-25,0,120,"6:30-8:30","Keith","Calm 1-3",NA
"BLKI",2014-08-25,0,120,"6:30-8:30","Keith","Calm 1-3",NA
"BLSC",2014-08-25,0,120,"6:30-8:30","Keith","Calm 1-3",NA
"BOGU",2014-08-25,0,120,"6:30-8:30","Keith","Calm 1-3",NA
"BOWA",2014-08-25,0,120,"6:30-8:30","Keith","Calm 1-3",NA
"BUFF",2014-08-25,0,120,"6:30-8:30","Keith","Calm 1-3",NA
"CATE",2014-08-25,0,120,"6:30-8:30","Keith","Calm 1-3",NA
"COEI",2014-08-25,0,120,"6:30-8:30","Keith","Calm 1-3",NA
"COGO",2014-08-25,0,120,"6:30-8:30","Keith","Calm 1-3",NA
"COGR",2014-08-25,0,120,"6:30-8:30","Keith","Calm 1-3",NA
"COLO",2014-08-25,0,120,"6:30-8:30","Keith","Calm 1-3",NA
"Calidris sp.",2014-08-25,3,120,"6:30-8:30","Keith","Calm 1-3",NA
"DCCO",2014-08-25,42,120,"6:30-8:30","Keith","Calm 1-3",NA
"GBHE",2014-08-25,0,120,"6:30-8:30","Keith","Calm 1-3",NA
"GRCO",2014-08-25,0,120,"6:30-8:30","Keith","Calm 1-3",NA
"HADU",2014-08-25,0,120,"6:30-8:30","Keith","Calm 1-3",NA
"LAGU",2014-08-25,0,120,"6:30-8:30","Keith","Calm 1-3",NA
"LESC",2014-08-25,0,120,"6:30-8:30","Keith","Calm 1-3",NA
"LTDU",2014-08-25,0,120,"6:30-8:30","Keith","Calm 1-3",NA
"MERL",2014-08-25,0,120,"6:30-8:30","Keith","Calm 1-3",NA
"NOGA",2014-08-25,5,120,"6:30-8:30","Keith","Calm 1-3",NA
"NOPI",2014-08-25,0,120,"6:30-8:30","Keith","Calm 1-3",NA
"PAJA",2014-08-25,0,120,"6:30-8:30","Keith","Calm 1-3",NA
"PEFA",2014-08-25,1,120,"6:30-8:30","Keith","Calm 1-3",NA
"PISI",2014-08-25,0,120,"6:30-8:30","Keith","Calm 1-3",NA
"RBGU",2014-08-25,0,120,"6:30-8:30","Keith","Calm 1-3",NA
"RBME",2014-08-25,0,120,"6:30-8:30","Keith","Calm 1-3",NA
"RNGR",2014-08-25,0,120,"6:30-8:30","Keith","Calm 1-3",NA
"RTLO",2014-08-25,0,120,"6:30-8:30","Keith","Calm 1-3",NA
"RUTU",2014-08-25,0,120,"6:30-8:30","Keith","Calm 1-3",NA
"SNBU",2014-08-25,0,120,"6:30-8:30","Keith","Calm 1-3",NA
"SSHA",2014-08-25,0,120,"6:30-8:30","Keith","Calm 1-3",NA
"SUSC",2014-08-25,0,120,"6:30-8:30","Keith","Calm 1-3",NA
"SWSP",2014-08-25,0,120,"6:30-8:30","Keith","Calm 1-3",NA
"Scoter sp.",2014-08-25,0,120,"6:30-8:30","Keith","Calm 1-3",NA
"UNID",2014-08-25,0,120,"6:30-8:30","Keith","Calm 1-3",NA
"WHIM",2014-08-25,0,120,"6:30-8:30","Keith","Calm 1-3",NA
"WWSC",2014-08-25,1,120,"6:30-8:30","Keith","Calm 1-3",NA
"YBCH",2014-08-25,0,120,"6:30-8:30","Keith","Calm 1-3",NA
"YRWA",2014-08-25,0,120,"6:30-8:30","Keith","Calm 1-3",NA
"ABDU",2014-09-04,0,120,"6:40-8:40","Keith","N 1-3",NA
"AMCR",2014-09-04,0,120,"6:40-8:40","Keith","N 1-3",NA
"ATSP",2014-09-04,0,120,"6:40-8:40","Keith","N 1-3",NA
"BAEA",2014-09-04,0,120,"6:40-8:40","Keith","N 1-3",NA
"BAOR",2014-09-04,0,120,"6:40-8:40","Keith","N 1-3",NA
"BLGU",2014-09-04,0,120,"6:40-8:40","Keith","N 1-3",NA
"BLKI",2014-09-04,0,120,"6:40-8:40","Keith","N 1-3",NA
"BLSC",2014-09-04,0,120,"6:40-8:40","Keith","N 1-3",NA
"BOGU",2014-09-04,0,120,"6:40-8:40","Keith","N 1-3",NA
"BOWA",2014-09-04,0,120,"6:40-8:40","Keith","N 1-3",NA
"BUFF",2014-09-04,0,120,"6:40-8:40","Keith","N 1-3",NA
"CATE",2014-09-04,2,120,"6:40-8:40","Keith","N 1-3",NA
"COEI",2014-09-04,0,120,"6:40-8:40","Keith","N 1-3",NA
"COGO",2014-09-04,0,120,"6:40-8:40","Keith","N 1-3",NA
"COGR",2014-09-04,0,120,"6:40-8:40","Keith","N 1-3",NA
"COLO",2014-09-04,4,120,"6:40-8:40","Keith","N 1-3",NA
"Calidris sp.",2014-09-04,0,120,"6:40-8:40","Keith","N 1-3",NA
"DCCO",2014-09-04,69,120,"6:40-8:40","Keith","N 1-3",NA
"GBHE",2014-09-04,0,120,"6:40-8:40","Keith","N 1-3",NA
"GRCO",2014-09-04,0,120,"6:40-8:40","Keith","N 1-3",NA
"HADU",2014-09-04,0,120,"6:40-8:40","Keith","N 1-3",NA
"LAGU",2014-09-04,0,120,"6:40-8:40","Keith","N 1-3",NA
"LESC",2014-09-04,0,120,"6:40-8:40","Keith","N 1-3",NA
"LTDU",2014-09-04,0,120,"6:40-8:40","Keith","N 1-3",NA
"MERL",2014-09-04,0,120,"6:40-8:40","Keith","N 1-3",NA
"NOGA",2014-09-04,0,120,"6:40-8:40","Keith","N 1-3",NA
"NOPI",2014-09-04,0,120,"6:40-8:40","Keith","N 1-3",NA
"PAJA",2014-09-04,0,120,"6:40-8:40","Keith","N 1-3",NA
"PEFA",2014-09-04,0,120,"6:40-8:40","Keith","N 1-3",NA
"PISI",2014-09-04,0,120,"6:40-8:40","Keith","N 1-3",NA
"RBGU",2014-09-04,0,120,"6:40-8:40","Keith","N 1-3",NA
"RBME",2014-09-04,0,120,"6:40-8:40","Keith","N 1-3",NA
"RNGR",2014-09-04,0,120,"6:40-8:40","Keith","N 1-3",NA
"RTLO",2014-09-04,0,120,"6:40-8:40","Keith","N 1-3",NA
"RUTU",2014-09-04,0,120,"6:40-8:40","Keith","N 1-3",NA
"SNBU",2014-09-04,0,120,"6:40-8:40","Keith","N 1-3",NA
"SSHA",2014-09-04,0,120,"6:40-8:40","Keith","N 1-3",NA
"SUSC",2014-09-04,0,120,"6:40-8:40","Keith","N 1-3",NA
"SWSP",2014-09-04,0,120,"6:40-8:40","Keith","N 1-3",NA
"Scoter sp.",2014-09-04,0,120,"6:40-8:40","Keith","N 1-3",NA
"UNID",2014-09-04,0,120,"6:40-8:40","Keith","N 1-3",NA
"WHIM",2014-09-04,0,120,"6:40-8:40","Keith","N 1-3",NA
"WWSC",2014-09-04,0,120,"6:40-8:40","Keith","N 1-3",NA
"YBCH",2014-09-04,0,120,"6:40-8:40","Keith","N 1-3",NA
"YRWA",2014-09-04,0,120,"6:40-8:40","Keith","N 1-3",NA
"ABDU",2014-09-08,0,120,"6:30-8:30","Keith","No Wind",NA
"AMCR",2014-09-08,0,120,"6:30-8:30","Keith","No Wind",NA
"ATSP",2014-09-08,0,120,"6:30-8:30","Keith","No Wind",NA
"BAEA",2014-09-08,0,120,"6:30-8:30","Keith","No Wind",NA
"BAOR",2014-09-08,0,120,"6:30-8:30","Keith","No Wind",NA
"BLGU",2014-09-08,0,120,"6:30-8:30","Keith","No Wind",NA
"BLKI",2014-09-08,0,120,"6:30-8:30","Keith","No Wind",NA
"BLSC",2014-09-08,6,120,"6:30-8:30","Keith","No Wind",NA
"BOGU",2014-09-08,0,120,"6:30-8:30","Keith","No Wind",NA
"BOWA",2014-09-08,0,120,"6:30-8:30","Keith","No Wind",NA
"BUFF",2014-09-08,0,120,"6:30-8:30","Keith","No Wind",NA
"CATE",2014-09-08,0,120,"6:30-8:30","Keith","No Wind",NA
"COEI",2014-09-08,0,120,"6:30-8:30","Keith","No Wind",NA
"COGO",2014-09-08,0,120,"6:30-8:30","Keith","No Wind",NA
"COGR",2014-09-08,0,120,"6:30-8:30","Keith","No Wind",NA
"COLO",2014-09-08,8,120,"6:30-8:30","Keith","No Wind",NA
"Calidris sp.",2014-09-08,0,120,"6:30-8:30","Keith","No Wind",NA
"DCCO",2014-09-08,113,120,"6:30-8:30","Keith","No Wind",NA
"GBHE",2014-09-08,0,120,"6:30-8:30","Keith","No Wind",NA
"GRCO",2014-09-08,0,120,"6:30-8:30","Keith","No Wind",NA
"HADU",2014-09-08,0,120,"6:30-8:30","Keith","No Wind",NA
"LAGU",2014-09-08,0,120,"6:30-8:30","Keith","No Wind",NA
"LESC",2014-09-08,0,120,"6:30-8:30","Keith","No Wind",NA
"LTDU",2014-09-08,0,120,"6:30-8:30","Keith","No Wind",NA
"MERL",2014-09-08,0,120,"6:30-8:30","Keith","No Wind",NA
"NOGA",2014-09-08,4,120,"6:30-8:30","Keith","No Wind",NA
"NOPI",2014-09-08,0,120,"6:30-8:30","Keith","No Wind",NA
"PAJA",2014-09-08,1,120,"6:30-8:30","Keith","No Wind",NA
"PEFA",2014-09-08,1,120,"6:30-8:30","Keith","No Wind",NA
"PISI",2014-09-08,0,120,"6:30-8:30","Keith","No Wind",NA
"RBGU",2014-09-08,0,120,"6:30-8:30","Keith","No Wind",NA
"RBME",2014-09-08,0,120,"6:30-8:30","Keith","No Wind",NA
"RNGR",2014-09-08,0,120,"6:30-8:30","Keith","No Wind",NA
"RTLO",2014-09-08,0,120,"6:30-8:30","Keith","No Wind",NA
"RUTU",2014-09-08,0,120,"6:30-8:30","Keith","No Wind",NA
"SNBU",2014-09-08,0,120,"6:30-8:30","Keith","No Wind",NA
"SSHA",2014-09-08,2,120,"6:30-8:30","Keith","No Wind",NA
"SUSC",2014-09-08,0,120,"6:30-8:30","Keith","No Wind",NA
"SWSP",2014-09-08,0,120,"6:30-8:30","Keith","No Wind",NA
"Scoter sp.",2014-09-08,0,120,"6:30-8:30","Keith","No Wind",NA
"UNID",2014-09-08,0,120,"6:30-8:30","Keith","No Wind",NA
"WHIM",2014-09-08,4,120,"6:30-8:30","Keith","No Wind",NA
"WWSC",2014-09-08,2,120,"6:30-8:30","Keith","No Wind",NA
"YBCH",2014-09-08,0,120,"6:30-8:30","Keith","No Wind",NA
"YRWA",2014-09-08,0,120,"6:30-8:30","Keith","No Wind",NA
"ABDU",2014-09-12,0,120,"6:35-8:35","Keith","Var 1-3",NA
"AMCR",2014-09-12,0,120,"6:35-8:35","Keith","Var 1-3",NA
"ATSP",2014-09-12,0,120,"6:35-8:35","Keith","Var 1-3",NA
"BAEA",2014-09-12,0,120,"6:35-8:35","Keith","Var 1-3",NA
"BAOR",2014-09-12,0,120,"6:35-8:35","Keith","Var 1-3",NA
"BLGU",2014-09-12,0,120,"6:35-8:35","Keith","Var 1-3",NA
"BLKI",2014-09-12,0,120,"6:35-8:35","Keith","Var 1-3",NA
"BLSC",2014-09-12,0,120,"6:35-8:35","Keith","Var 1-3",NA
"BOGU",2014-09-12,0,120,"6:35-8:35","Keith","Var 1-3",NA
"BOWA",2014-09-12,0,120,"6:35-8:35","Keith","Var 1-3",NA
"BUFF",2014-09-12,0,120,"6:35-8:35","Keith","Var 1-3",NA
"CATE",2014-09-12,0,120,"6:35-8:35","Keith","Var 1-3",NA
"COEI",2014-09-12,0,120,"6:35-8:35","Keith","Var 1-3",NA
"COGO",2014-09-12,0,120,"6:35-8:35","Keith","Var 1-3",NA
"COGR",2014-09-12,0,120,"6:35-8:35","Keith","Var 1-3",NA
"COLO",2014-09-12,2,120,"6:35-8:35","Keith","Var 1-3",NA
"Calidris sp.",2014-09-12,0,120,"6:35-8:35","Keith","Var 1-3",NA
"DCCO",2014-09-12,10,120,"6:35-8:35","Keith","Var 1-3",NA
"GBHE",2014-09-12,0,120,"6:35-8:35","Keith","Var 1-3",NA
"GRCO",2014-09-12,0,120,"6:35-8:35","Keith","Var 1-3",NA
"HADU",2014-09-12,0,120,"6:35-8:35","Keith","Var 1-3",NA
"LAGU",2014-09-12,0,120,"6:35-8:35","Keith","Var 1-3",NA
"LESC",2014-09-12,0,120,"6:35-8:35","Keith","Var 1-3",NA
"LTDU",2014-09-12,0,120,"6:35-8:35","Keith","Var 1-3",NA
"MERL",2014-09-12,0,120,"6:35-8:35","Keith","Var 1-3",NA
"NOGA",2014-09-12,0,120,"6:35-8:35","Keith","Var 1-3",NA
"NOPI",2014-09-12,0,120,"6:35-8:35","Keith","Var 1-3",NA
"PAJA",2014-09-12,0,120,"6:35-8:35","Keith","Var 1-3",NA
"PEFA",2014-09-12,1,120,"6:35-8:35","Keith","Var 1-3",NA
"PISI",2014-09-12,0,120,"6:35-8:35","Keith","Var 1-3",NA
"RBGU",2014-09-12,0,120,"6:35-8:35","Keith","Var 1-3",NA
"RBME",2014-09-12,0,120,"6:35-8:35","Keith","Var 1-3",NA
"RNGR",2014-09-12,0,120,"6:35-8:35","Keith","Var 1-3",NA
"RTLO",2014-09-12,0,120,"6:35-8:35","Keith","Var 1-3",NA
"RUTU",2014-09-12,0,120,"6:35-8:35","Keith","Var 1-3",NA
"SNBU",2014-09-12,0,120,"6:35-8:35","Keith","Var 1-3",NA
"SSHA",2014-09-12,0,120,"6:35-8:35","Keith","Var 1-3",NA
"SUSC",2014-09-12,0,120,"6:35-8:35","Keith","Var 1-3",NA
"SWSP",2014-09-12,0,120,"6:35-8:35","Keith","Var 1-3",NA
"Scoter sp.",2014-09-12,0,120,"6:35-8:35","Keith","Var 1-3",NA
"UNID",2014-09-12,0,120,"6:35-8:35","Keith","Var 1-3",NA
"WHIM",2014-09-12,0,120,"6:35-8:35","Keith","Var 1-3",NA
"WWSC",2014-09-12,0,120,"6:35-8:35","Keith","Var 1-3",NA
"YBCH",2014-09-12,0,120,"6:35-8:35","Keith","Var 1-3",NA
"YRWA",2014-09-12,0,120,"6:35-8:35","Keith","Var 1-3",NA
"ABDU",2014-09-15,0,120,"6:35 - 8:35 AM","Keith","NW 1-3",NA
"AMCR",2014-09-15,0,120,"6:35 - 8:35 AM","Keith","NW 1-3",NA
"ATSP",2014-09-15,0,120,"6:35 - 8:35 AM","Keith","NW 1-3",NA
"BAEA",2014-09-15,0,120,"6:35 - 8:35 AM","Keith","NW 1-3",NA
"BAOR",2014-09-15,0,120,"6:35 - 8:35 AM","Keith","NW 1-3",NA
"BLGU",2014-09-15,0,120,"6:35 - 8:35 AM","Keith","NW 1-3",NA
"BLKI",2014-09-15,0,120,"6:35 - 8:35 AM","Keith","NW 1-3",NA
"BLSC",2014-09-15,0,120,"6:35 - 8:35 AM","Keith","NW 1-3",NA
"BOGU",2014-09-15,0,120,"6:35 - 8:35 AM","Keith","NW 1-3",NA
"BOWA",2014-09-15,0,120,"6:35 - 8:35 AM","Keith","NW 1-3",NA
"BUFF",2014-09-15,0,120,"6:35 - 8:35 AM","Keith","NW 1-3",NA
"CATE",2014-09-15,0,120,"6:35 - 8:35 AM","Keith","NW 1-3",NA
"COEI",2014-09-15,0,120,"6:35 - 8:35 AM","Keith","NW 1-3",NA
"COGO",2014-09-15,0,120,"6:35 - 8:35 AM","Keith","NW 1-3",NA
"COGR",2014-09-15,0,120,"6:35 - 8:35 AM","Keith","NW 1-3",NA
"COLO",2014-09-15,2,120,"6:35 - 8:35 AM","Keith","NW 1-3",NA
"Calidris sp.",2014-09-15,0,120,"6:35 - 8:35 AM","Keith","NW 1-3",NA
"DCCO",2014-09-15,27,120,"6:35 - 8:35 AM","Keith","NW 1-3",NA
"GBHE",2014-09-15,0,120,"6:35 - 8:35 AM","Keith","NW 1-3",NA
"GRCO",2014-09-15,0,120,"6:35 - 8:35 AM","Keith","NW 1-3",NA
"HADU",2014-09-15,0,120,"6:35 - 8:35 AM","Keith","NW 1-3",NA
"LAGU",2014-09-15,0,120,"6:35 - 8:35 AM","Keith","NW 1-3",NA
"LESC",2014-09-15,0,120,"6:35 - 8:35 AM","Keith","NW 1-3",NA
"LTDU",2014-09-15,0,120,"6:35 - 8:35 AM","Keith","NW 1-3",NA
"MERL",2014-09-15,0,120,"6:35 - 8:35 AM","Keith","NW 1-3",NA
"NOGA",2014-09-15,3,120,"6:35 - 8:35 AM","Keith","NW 1-3",NA
"NOPI",2014-09-15,0,120,"6:35 - 8:35 AM","Keith","NW 1-3",NA
"PAJA",2014-09-15,0,120,"6:35 - 8:35 AM","Keith","NW 1-3",NA
"PEFA",2014-09-15,0,120,"6:35 - 8:35 AM","Keith","NW 1-3",NA
"PISI",2014-09-15,0,120,"6:35 - 8:35 AM","Keith","NW 1-3",NA
"RBGU",2014-09-15,0,120,"6:35 - 8:35 AM","Keith","NW 1-3",NA
"RBME",2014-09-15,0,120,"6:35 - 8:35 AM","Keith","NW 1-3",NA
"RNGR",2014-09-15,0,120,"6:35 - 8:35 AM","Keith","NW 1-3",NA
"RTLO",2014-09-15,0,120,"6:35 - 8:35 AM","Keith","NW 1-3",NA
"RUTU",2014-09-15,0,120,"6:35 - 8:35 AM","Keith","NW 1-3",NA
"SNBU",2014-09-15,0,120,"6:35 - 8:35 AM","Keith","NW 1-3",NA
"SSHA",2014-09-15,1,120,"6:35 - 8:35 AM","Keith","NW 1-3",NA
"SUSC",2014-09-15,0,120,"6:35 - 8:35 AM","Keith","NW 1-3",NA
"SWSP",2014-09-15,0,120,"6:35 - 8:35 AM","Keith","NW 1-3",NA
"Scoter sp.",2014-09-15,0,120,"6:35 - 8:35 AM","Keith","NW 1-3",NA
"UNID",2014-09-15,0,120,"6:35 - 8:35 AM","Keith","NW 1-3",NA
"WHIM",2014-09-15,0,120,"6:35 - 8:35 AM","Keith","NW 1-3",NA
"WWSC",2014-09-15,0,120,"6:35 - 8:35 AM","Keith","NW 1-3",NA
"YBCH",2014-09-15,0,120,"6:35 - 8:35 AM","Keith","NW 1-3",NA
"YRWA",2014-09-15,0,120,"6:35 - 8:35 AM","Keith","NW 1-3",NA
"ABDU",2014-09-18,0,120,"6:30-8:30","Keith","S 10-12",NA
"AMCR",2014-09-18,0,120,"6:30-8:30","Keith","S 10-12",NA
"ATSP",2014-09-18,0,120,"6:30-8:30","Keith","S 10-12",NA
"BAEA",2014-09-18,0,120,"6:30-8:30","Keith","S 10-12",NA
"BAOR",2014-09-18,0,120,"6:30-8:30","Keith","S 10-12",NA
"BLGU",2014-09-18,0,120,"6:30-8:30","Keith","S 10-12",NA
"BLKI",2014-09-18,1,120,"6:30-8:30","Keith","S 10-12",NA
"BLSC",2014-09-18,0,120,"6:30-8:30","Keith","S 10-12",NA
"BOGU",2014-09-18,0,120,"6:30-8:30","Keith","S 10-12",NA
"BOWA",2014-09-18,0,120,"6:30-8:30","Keith","S 10-12",NA
"BUFF",2014-09-18,0,120,"6:30-8:30","Keith","S 10-12",NA
"CATE",2014-09-18,5,120,"6:30-8:30","Keith","S 10-12",NA
"COEI",2014-09-18,0,120,"6:30-8:30","Keith","S 10-12",NA
"COGO",2014-09-18,0,120,"6:30-8:30","Keith","S 10-12",NA
"COGR",2014-09-18,0,120,"6:30-8:30","Keith","S 10-12",NA
"COLO",2014-09-18,12,120,"6:30-8:30","Keith","S 10-12",NA
"Calidris sp.",2014-09-18,0,120,"6:30-8:30","Keith","S 10-12",NA
"DCCO",2014-09-18,20,120,"6:30-8:30","Keith","S 10-12",NA
"GBHE",2014-09-18,0,120,"6:30-8:30","Keith","S 10-12",NA
"GRCO",2014-09-18,0,120,"6:30-8:30","Keith","S 10-12",NA
"HADU",2014-09-18,0,120,"6:30-8:30","Keith","S 10-12",NA
"LAGU",2014-09-18,0,120,"6:30-8:30","Keith","S 10-12",NA
"LESC",2014-09-18,0,120,"6:30-8:30","Keith","S 10-12",NA
"LTDU",2014-09-18,0,120,"6:30-8:30","Keith","S 10-12",NA
"MERL",2014-09-18,0,120,"6:30-8:30","Keith","S 10-12",NA
"NOGA",2014-09-18,1,120,"6:30-8:30","Keith","S 10-12",NA
"NOPI",2014-09-18,0,120,"6:30-8:30","Keith","S 10-12",NA
"PAJA",2014-09-18,0,120,"6:30-8:30","Keith","S 10-12",NA
"PEFA",2014-09-18,0,120,"6:30-8:30","Keith","S 10-12",NA
"PISI",2014-09-18,0,120,"6:30-8:30","Keith","S 10-12",NA
"RBGU",2014-09-18,0,120,"6:30-8:30","Keith","S 10-12",NA
"RBME",2014-09-18,0,120,"6:30-8:30","Keith","S 10-12",NA
"RNGR",2014-09-18,0,120,"6:30-8:30","Keith","S 10-12",NA
"RTLO",2014-09-18,0,120,"6:30-8:30","Keith","S 10-12",NA
"RUTU",2014-09-18,2,120,"6:30-8:30","Keith","S 10-12",NA
"SNBU",2014-09-18,0,120,"6:30-8:30","Keith","S 10-12",NA
"SSHA",2014-09-18,0,120,"6:30-8:30","Keith","S 10-12",NA
"SUSC",2014-09-18,0,120,"6:30-8:30","Keith","S 10-12",NA
"SWSP",2014-09-18,0,120,"6:30-8:30","Keith","S 10-12",NA
"Scoter sp.",2014-09-18,0,120,"6:30-8:30","Keith","S 10-12",NA
"UNID",2014-09-18,0,120,"6:30-8:30","Keith","S 10-12",NA
"WHIM",2014-09-18,0,120,"6:30-8:30","Keith","S 10-12",NA
"WWSC",2014-09-18,0,120,"6:30-8:30","Keith","S 10-12",NA
"YBCH",2014-09-18,0,120,"6:30-8:30","Keith","S 10-12",NA
"YRWA",2014-09-18,0,120,"6:30-8:30","Keith","S 10-12",NA
"ABDU",2014-09-23,0,60,"9:30-10:30","KO","W 4-6",NA
"AMCR",2014-09-23,0,60,"9:30-10:30","KO","W 4-6",NA
"ATSP",2014-09-23,0,60,"9:30-10:30","KO","W 4-6",NA
"BAEA",2014-09-23,0,60,"9:30-10:30","KO","W 4-6",NA
"BAOR",2014-09-23,0,60,"9:30-10:30","KO","W 4-6",NA
"BLGU",2014-09-23,0,60,"9:30-10:30","KO","W 4-6",NA
"BLKI",2014-09-23,0,60,"9:30-10:30","KO","W 4-6",NA
"BLSC",2014-09-23,0,60,"9:30-10:30","KO","W 4-6",NA
"BOGU",2014-09-23,0,60,"9:30-10:30","KO","W 4-6",NA
"BOWA",2014-09-23,0,60,"9:30-10:30","KO","W 4-6",NA
"BUFF",2014-09-23,0,60,"9:30-10:30","KO","W 4-6",NA
"CATE",2014-09-23,0,60,"9:30-10:30","KO","W 4-6",NA
"COEI",2014-09-23,0,60,"9:30-10:30","KO","W 4-6",NA
"COGO",2014-09-23,0,60,"9:30-10:30","KO","W 4-6",NA
"COGR",2014-09-23,0,60,"9:30-10:30","KO","W 4-6",NA
"COLO",2014-09-23,2,60,"9:30-10:30","KO","W 4-6",NA
"Calidris sp.",2014-09-23,0,60,"9:30-10:30","KO","W 4-6",NA
"DCCO",2014-09-23,11,60,"9:30-10:30","KO","W 4-6",NA
"GBHE",2014-09-23,0,60,"9:30-10:30","KO","W 4-6",NA
"GRCO",2014-09-23,0,60,"9:30-10:30","KO","W 4-6",NA
"HADU",2014-09-23,0,60,"9:30-10:30","KO","W 4-6",NA
"LAGU",2014-09-23,0,60,"9:30-10:30","KO","W 4-6",NA
"LESC",2014-09-23,0,60,"9:30-10:30","KO","W 4-6",NA
"LTDU",2014-09-23,0,60,"9:30-10:30","KO","W 4-6",NA
"MERL",2014-09-23,0,60,"9:30-10:30","KO","W 4-6",NA
"NOGA",2014-09-23,3,60,"9:30-10:30","KO","W 4-6",NA
"NOPI",2014-09-23,0,60,"9:30-10:30","KO","W 4-6",NA
"PAJA",2014-09-23,0,60,"9:30-10:30","KO","W 4-6",NA
"PEFA",2014-09-23,0,60,"9:30-10:30","KO","W 4-6",NA
"PISI",2014-09-23,0,60,"9:30-10:30","KO","W 4-6",NA
"RBGU",2014-09-23,0,60,"9:30-10:30","KO","W 4-6",NA
"RBME",2014-09-23,0,60,"9:30-10:30","KO","W 4-6",NA
"RNGR",2014-09-23,0,60,"9:30-10:30","KO","W 4-6",NA
"RTLO",2014-09-23,0,60,"9:30-10:30","KO","W 4-6",NA
"RUTU",2014-09-23,0,60,"9:30-10:30","KO","W 4-6",NA
"SNBU",2014-09-23,0,60,"9:30-10:30","KO","W 4-6",NA
"SSHA",2014-09-23,0,60,"9:30-10:30","KO","W 4-6",NA
"SUSC",2014-09-23,0,60,"9:30-10:30","KO","W 4-6",NA
"SWSP",2014-09-23,0,60,"9:30-10:30","KO","W 4-6",NA
"Scoter sp.",2014-09-23,0,60,"9:30-10:30","KO","W 4-6",NA
"UNID",2014-09-23,0,60,"9:30-10:30","KO","W 4-6",NA
"WHIM",2014-09-23,0,60,"9:30-10:30","KO","W 4-6",NA
"WWSC",2014-09-23,0,60,"9:30-10:30","KO","W 4-6",NA
"YBCH",2014-09-23,0,60,"9:30-10:30","KO","W 4-6",NA
"YRWA",2014-09-23,0,60,"9:30-10:30","KO","W 4-6",NA
"ABDU",2014-09-25,0,120,"6:30-8:30","KO/SB","S 4-7",NA
"AMCR",2014-09-25,0,120,"6:30-8:30","KO/SB","S 4-7",NA
"ATSP",2014-09-25,0,120,"6:30-8:30","KO/SB","S 4-7",NA
"BAEA",2014-09-25,0,120,"6:30-8:30","KO/SB","S 4-7",NA
"BAOR",2014-09-25,0,120,"6:30-8:30","KO/SB","S 4-7",NA
"BLGU",2014-09-25,0,120,"6:30-8:30","KO/SB","S 4-7",NA
"BLKI",2014-09-25,0,120,"6:30-8:30","KO/SB","S 4-7",NA
"BLSC",2014-09-25,51,120,"6:30-8:30","KO/SB","S 4-7",NA
"BOGU",2014-09-25,0,120,"6:30-8:30","KO/SB","S 4-7",NA
"BOWA",2014-09-25,0,120,"6:30-8:30","KO/SB","S 4-7",NA
"BUFF",2014-09-25,0,120,"6:30-8:30","KO/SB","S 4-7",NA
"CATE",2014-09-25,0,120,"6:30-8:30","KO/SB","S 4-7",NA
"COEI",2014-09-25,0,120,"6:30-8:30","KO/SB","S 4-7",NA
"COGO",2014-09-25,0,120,"6:30-8:30","KO/SB","S 4-7",NA
"COGR",2014-09-25,0,120,"6:30-8:30","KO/SB","S 4-7",NA
"COLO",2014-09-25,27,120,"6:30-8:30","KO/SB","S 4-7",NA
"Calidris sp.",2014-09-25,0,120,"6:30-8:30","KO/SB","S 4-7",NA
"DCCO",2014-09-25,220,120,"6:30-8:30","KO/SB","S 4-7",NA
"GBHE",2014-09-25,0,120,"6:30-8:30","KO/SB","S 4-7",NA
"GRCO",2014-09-25,0,120,"6:30-8:30","KO/SB","S 4-7",NA
"HADU",2014-09-25,0,120,"6:30-8:30","KO/SB","S 4-7",NA
"LAGU",2014-09-25,0,120,"6:30-8:30","KO/SB","S 4-7",NA
"LESC",2014-09-25,0,120,"6:30-8:30","KO/SB","S 4-7",NA
"LTDU",2014-09-25,0,120,"6:30-8:30","KO/SB","S 4-7",NA
"MERL",2014-09-25,0,120,"6:30-8:30","KO/SB","S 4-7",NA
"NOGA",2014-09-25,7,120,"6:30-8:30","KO/SB","S 4-7",NA
"NOPI",2014-09-25,0,120,"6:30-8:30","KO/SB","S 4-7",NA
"PAJA",2014-09-25,0,120,"6:30-8:30","KO/SB","S 4-7",NA
"PEFA",2014-09-25,0,120,"6:30-8:30","KO/SB","S 4-7",NA
"PISI",2014-09-25,0,120,"6:30-8:30","KO/SB","S 4-7",NA
"RBGU",2014-09-25,0,120,"6:30-8:30","KO/SB","S 4-7",NA
"RBME",2014-09-25,0,120,"6:30-8:30","KO/SB","S 4-7",NA
"RNGR",2014-09-25,0,120,"6:30-8:30","KO/SB","S 4-7",NA
"RTLO",2014-09-25,0,120,"6:30-8:30","KO/SB","S 4-7",NA
"RUTU",2014-09-25,0,120,"6:30-8:30","KO/SB","S 4-7",NA
"SNBU",2014-09-25,0,120,"6:30-8:30","KO/SB","S 4-7",NA
"SSHA",2014-09-25,0,120,"6:30-8:30","KO/SB","S 4-7",NA
"SUSC",2014-09-25,0,120,"6:30-8:30","KO/SB","S 4-7",NA
"SWSP",2014-09-25,0,120,"6:30-8:30","KO/SB","S 4-7",NA
"Scoter sp.",2014-09-25,0,120,"6:30-8:30","KO/SB","S 4-7",NA
"UNID",2014-09-25,0,120,"6:30-8:30","KO/SB","S 4-7",NA
"WHIM",2014-09-25,0,120,"6:30-8:30","KO/SB","S 4-7",NA
"WWSC",2014-09-25,0,120,"6:30-8:30","KO/SB","S 4-7",NA
"YBCH",2014-09-25,0,120,"6:30-8:30","KO/SB","S 4-7",NA
"YRWA",2014-09-25,0,120,"6:30-8:30","KO/SB","S 4-7",NA
"ABDU",2014-10-02,7,140,"6:45-9:05","KO/SB?Nick","NW 4-8",NA
"AMCR",2014-10-02,0,140,"6:45-9:05","KO/SB?Nick","NW 4-8",NA
"ATSP",2014-10-02,0,140,"6:45-9:05","KO/SB?Nick","NW 4-8",NA
"BAEA",2014-10-02,1,140,"6:45-9:05","KO/SB?Nick","NW 4-8",NA
"BAOR",2014-10-02,0,140,"6:45-9:05","KO/SB?Nick","NW 4-8",NA
"BLGU",2014-10-02,0,140,"6:45-9:05","KO/SB?Nick","NW 4-8",NA
"BLKI",2014-10-02,0,140,"6:45-9:05","KO/SB?Nick","NW 4-8",NA
"BLSC",2014-10-02,0,140,"6:45-9:05","KO/SB?Nick","NW 4-8",NA
"BOGU",2014-10-02,0,140,"6:45-9:05","KO/SB?Nick","NW 4-8",NA
"BOWA",2014-10-02,0,140,"6:45-9:05","KO/SB?Nick","NW 4-8",NA
"BUFF",2014-10-02,0,140,"6:45-9:05","KO/SB?Nick","NW 4-8",NA
"CATE",2014-10-02,0,140,"6:45-9:05","KO/SB?Nick","NW 4-8",NA
"COEI",2014-10-02,260,140,"6:45-9:05","KO/SB?Nick","NW 4-8",NA
"COGO",2014-10-02,0,140,"6:45-9:05","KO/SB?Nick","NW 4-8",NA
"COGR",2014-10-02,0,140,"6:45-9:05","KO/SB?Nick","NW 4-8",NA
"COLO",2014-10-02,32,140,"6:45-9:05","KO/SB?Nick","NW 4-8",NA
"Calidris sp.",2014-10-02,0,140,"6:45-9:05","KO/SB?Nick","NW 4-8",NA
"DCCO",2014-10-02,265,140,"6:45-9:05","KO/SB?Nick","NW 4-8",NA
"GBHE",2014-10-02,6,140,"6:45-9:05","KO/SB?Nick","NW 4-8",NA
"GRCO",2014-10-02,0,140,"6:45-9:05","KO/SB?Nick","NW 4-8",NA
"HADU",2014-10-02,0,140,"6:45-9:05","KO/SB?Nick","NW 4-8",NA
"LAGU",2014-10-02,0,140,"6:45-9:05","KO/SB?Nick","NW 4-8",NA
"LESC",2014-10-02,0,140,"6:45-9:05","KO/SB?Nick","NW 4-8",NA
"LTDU",2014-10-02,1,140,"6:45-9:05","KO/SB?Nick","NW 4-8",NA
"MERL",2014-10-02,1,140,"6:45-9:05","KO/SB?Nick","NW 4-8",NA
"NOGA",2014-10-02,2,140,"6:45-9:05","KO/SB?Nick","NW 4-8",NA
"NOPI",2014-10-02,0,140,"6:45-9:05","KO/SB?Nick","NW 4-8",NA
"PAJA",2014-10-02,0,140,"6:45-9:05","KO/SB?Nick","NW 4-8",NA
"PEFA",2014-10-02,0,140,"6:45-9:05","KO/SB?Nick","NW 4-8",NA
"PISI",2014-10-02,0,140,"6:45-9:05","KO/SB?Nick","NW 4-8",NA
"RBGU",2014-10-02,0,140,"6:45-9:05","KO/SB?Nick","NW 4-8",NA
"RBME",2014-10-02,3,140,"6:45-9:05","KO/SB?Nick","NW 4-8",NA
"RNGR",2014-10-02,0,140,"6:45-9:05","KO/SB?Nick","NW 4-8",NA
"RTLO",2014-10-02,0,140,"6:45-9:05","KO/SB?Nick","NW 4-8",NA
"RUTU",2014-10-02,0,140,"6:45-9:05","KO/SB?Nick","NW 4-8",NA
"SNBU",2014-10-02,0,140,"6:45-9:05","KO/SB?Nick","NW 4-8",NA
"SSHA",2014-10-02,0,140,"6:45-9:05","KO/SB?Nick","NW 4-8",NA
"SUSC",2014-10-02,236,140,"6:45-9:05","KO/SB?Nick","NW 4-8",NA
"SWSP",2014-10-02,0,140,"6:45-9:05","KO/SB?Nick","NW 4-8",NA
"Scoter sp.",2014-10-02,0,140,"6:45-9:05","KO/SB?Nick","NW 4-8",NA
"UNID",2014-10-02,65,140,"6:45-9:05","KO/SB?Nick","NW 4-8",NA
"WHIM",2014-10-02,0,140,"6:45-9:05","KO/SB?Nick","NW 4-8",NA
"WWSC",2014-10-02,39,140,"6:45-9:05","KO/SB?Nick","NW 4-8",NA
"YBCH",2014-10-02,0,140,"6:45-9:05","KO/SB?Nick","NW 4-8",NA
"YRWA",2014-10-02,0,140,"6:45-9:05","KO/SB?Nick","NW 4-8",NA
"ABDU",2014-10-07,0,120,"6:45-8:45","Seth","SSW 3-5",NA
"AMCR",2014-10-07,0,120,"6:45-8:45","Seth","SSW 3-5",NA
"ATSP",2014-10-07,0,120,"6:45-8:45","Seth","SSW 3-5",NA
"BAEA",2014-10-07,0,120,"6:45-8:45","Seth","SSW 3-5",NA
"BAOR",2014-10-07,0,120,"6:45-8:45","Seth","SSW 3-5",NA
"BLGU",2014-10-07,0,120,"6:45-8:45","Seth","SSW 3-5",NA
"BLKI",2014-10-07,1,120,"6:45-8:45","Seth","SSW 3-5",NA
"BLSC",2014-10-07,0,120,"6:45-8:45","Seth","SSW 3-5",NA
"BOGU",2014-10-07,0,120,"6:45-8:45","Seth","SSW 3-5",NA
"BOWA",2014-10-07,0,120,"6:45-8:45","Seth","SSW 3-5",NA
"BUFF",2014-10-07,0,120,"6:45-8:45","Seth","SSW 3-5",NA
"CATE",2014-10-07,0,120,"6:45-8:45","Seth","SSW 3-5",NA
"COEI",2014-10-07,22,120,"6:45-8:45","Seth","SSW 3-5",NA
"COGO",2014-10-07,0,120,"6:45-8:45","Seth","SSW 3-5",NA
"COGR",2014-10-07,0,120,"6:45-8:45","Seth","SSW 3-5",NA
"COLO",2014-10-07,4,120,"6:45-8:45","Seth","SSW 3-5",NA
"Calidris sp.",2014-10-07,0,120,"6:45-8:45","Seth","SSW 3-5",NA
"DCCO",2014-10-07,11,120,"6:45-8:45","Seth","SSW 3-5",NA
"GBHE",2014-10-07,0,120,"6:45-8:45","Seth","SSW 3-5",NA
"GRCO",2014-10-07,0,120,"6:45-8:45","Seth","SSW 3-5",NA
"HADU",2014-10-07,0,120,"6:45-8:45","Seth","SSW 3-5",NA
"LAGU",2014-10-07,0,120,"6:45-8:45","Seth","SSW 3-5",NA
"LESC",2014-10-07,0,120,"6:45-8:45","Seth","SSW 3-5",NA
"LTDU",2014-10-07,0,120,"6:45-8:45","Seth","SSW 3-5",NA
"MERL",2014-10-07,0,120,"6:45-8:45","Seth","SSW 3-5",NA
"NOGA",2014-10-07,3,120,"6:45-8:45","Seth","SSW 3-5",NA
"NOPI",2014-10-07,0,120,"6:45-8:45","Seth","SSW 3-5",NA
"PAJA",2014-10-07,0,120,"6:45-8:45","Seth","SSW 3-5",NA
"PEFA",2014-10-07,0,120,"6:45-8:45","Seth","SSW 3-5",NA
"PISI",2014-10-07,0,120,"6:45-8:45","Seth","SSW 3-5",NA
"RBGU",2014-10-07,8,120,"6:45-8:45","Seth","SSW 3-5",NA
"RBME",2014-10-07,0,120,"6:45-8:45","Seth","SSW 3-5",NA
"RNGR",2014-10-07,0,120,"6:45-8:45","Seth","SSW 3-5",NA
"RTLO",2014-10-07,0,120,"6:45-8:45","Seth","SSW 3-5",NA
"RUTU",2014-10-07,0,120,"6:45-8:45","Seth","SSW 3-5",NA
"SNBU",2014-10-07,0,120,"6:45-8:45","Seth","SSW 3-5",NA
"SSHA",2014-10-07,0,120,"6:45-8:45","Seth","SSW 3-5",NA
"SUSC",2014-10-07,0,120,"6:45-8:45","Seth","SSW 3-5",NA
"SWSP",2014-10-07,0,120,"6:45-8:45","Seth","SSW 3-5",NA
"Scoter sp.",2014-10-07,0,120,"6:45-8:45","Seth","SSW 3-5",NA
"UNID",2014-10-07,0,120,"6:45-8:45","Seth","SSW 3-5",NA
"WHIM",2014-10-07,0,120,"6:45-8:45","Seth","SSW 3-5",NA
"WWSC",2014-10-07,0,120,"6:45-8:45","Seth","SSW 3-5",NA
"YBCH",2014-10-07,0,120,"6:45-8:45","Seth","SSW 3-5",NA
"YRWA",2014-10-07,0,120,"6:45-8:45","Seth","SSW 3-5",NA
"ABDU",2014-10-09,0,130,"6:35-8:45","Seth","W 5-10",NA
"AMCR",2014-10-09,0,130,"6:35-8:45","Seth","W 5-10",NA
"ATSP",2014-10-09,0,130,"6:35-8:45","Seth","W 5-10",NA
"BAEA",2014-10-09,0,130,"6:35-8:45","Seth","W 5-10",NA
"BAOR",2014-10-09,0,130,"6:35-8:45","Seth","W 5-10",NA
"BLGU",2014-10-09,0,130,"6:35-8:45","Seth","W 5-10",NA
"BLKI",2014-10-09,0,130,"6:35-8:45","Seth","W 5-10",NA
"BLSC",2014-10-09,0,130,"6:35-8:45","Seth","W 5-10",NA
"BOGU",2014-10-09,0,130,"6:35-8:45","Seth","W 5-10",NA
"BOWA",2014-10-09,0,130,"6:35-8:45","Seth","W 5-10",NA
"BUFF",2014-10-09,0,130,"6:35-8:45","Seth","W 5-10",NA
"CATE",2014-10-09,0,130,"6:35-8:45","Seth","W 5-10",NA
"COEI",2014-10-09,50,130,"6:35-8:45","Seth","W 5-10",NA
"COGO",2014-10-09,0,130,"6:35-8:45","Seth","W 5-10",NA
"COGR",2014-10-09,0,130,"6:35-8:45","Seth","W 5-10",NA
"COLO",2014-10-09,5,130,"6:35-8:45","Seth","W 5-10",NA
"Calidris sp.",2014-10-09,0,130,"6:35-8:45","Seth","W 5-10",NA
"DCCO",2014-10-09,35,130,"6:35-8:45","Seth","W 5-10",NA
"GBHE",2014-10-09,0,130,"6:35-8:45","Seth","W 5-10",NA
"GRCO",2014-10-09,0,130,"6:35-8:45","Seth","W 5-10",NA
"HADU",2014-10-09,0,130,"6:35-8:45","Seth","W 5-10",NA
"LAGU",2014-10-09,4,130,"6:35-8:45","Seth","W 5-10",NA
"LESC",2014-10-09,0,130,"6:35-8:45","Seth","W 5-10",NA
"LTDU",2014-10-09,0,130,"6:35-8:45","Seth","W 5-10",NA
"MERL",2014-10-09,2,130,"6:35-8:45","Seth","W 5-10",NA
"NOGA",2014-10-09,15,130,"6:35-8:45","Seth","W 5-10",NA
"NOPI",2014-10-09,0,130,"6:35-8:45","Seth","W 5-10",NA
"PAJA",2014-10-09,0,130,"6:35-8:45","Seth","W 5-10",NA
"PEFA",2014-10-09,0,130,"6:35-8:45","Seth","W 5-10",NA
"PISI",2014-10-09,69,130,"6:35-8:45","Seth","W 5-10",NA
"RBGU",2014-10-09,5,130,"6:35-8:45","Seth","W 5-10",NA
"RBME",2014-10-09,0,130,"6:35-8:45","Seth","W 5-10",NA
"RNGR",2014-10-09,0,130,"6:35-8:45","Seth","W 5-10",NA
"RTLO",2014-10-09,0,130,"6:35-8:45","Seth","W 5-10",NA
"RUTU",2014-10-09,0,130,"6:35-8:45","Seth","W 5-10",NA
"SNBU",2014-10-09,0,130,"6:35-8:45","Seth","W 5-10",NA
"SSHA",2014-10-09,0,130,"6:35-8:45","Seth","W 5-10",NA
"SUSC",2014-10-09,0,130,"6:35-8:45","Seth","W 5-10",NA
"SWSP",2014-10-09,0,130,"6:35-8:45","Seth","W 5-10",NA
"Scoter sp.",2014-10-09,0,130,"6:35-8:45","Seth","W 5-10",NA
"UNID",2014-10-09,0,130,"6:35-8:45","Seth","W 5-10",NA
"WHIM",2014-10-09,0,130,"6:35-8:45","Seth","W 5-10",NA
"WWSC",2014-10-09,0,130,"6:35-8:45","Seth","W 5-10",NA
"YBCH",2014-10-09,0,130,"6:35-8:45","Seth","W 5-10",NA
"YRWA",2014-10-09,4,130,"6:35-8:45","Seth","W 5-10",NA
"ABDU",2014-10-14,0,135,"6:45-9:00","Seth","WSW 3-7",NA
"AMCR",2014-10-14,0,135,"6:45-9:00","Seth","WSW 3-7",NA
"ATSP",2014-10-14,0,135,"6:45-9:00","Seth","WSW 3-7",NA
"BAEA",2014-10-14,0,135,"6:45-9:00","Seth","WSW 3-7",NA
"BAOR",2014-10-14,0,135,"6:45-9:00","Seth","WSW 3-7",NA
"BLGU",2014-10-14,5,135,"6:45-9:00","Seth","WSW 3-7",NA
"BLKI",2014-10-14,0,135,"6:45-9:00","Seth","WSW 3-7",NA
"BLSC",2014-10-14,14,135,"6:45-9:00","Seth","WSW 3-7",NA
"BOGU",2014-10-14,0,135,"6:45-9:00","Seth","WSW 3-7",NA
"BOWA",2014-10-14,0,135,"6:45-9:00","Seth","WSW 3-7",NA
"BUFF",2014-10-14,0,135,"6:45-9:00","Seth","WSW 3-7",NA
"CATE",2014-10-14,0,135,"6:45-9:00","Seth","WSW 3-7",NA
"COEI",2014-10-14,766,135,"6:45-9:00","Seth","WSW 3-7",NA
"COGO",2014-10-14,0,135,"6:45-9:00","Seth","WSW 3-7",NA
"COGR",2014-10-14,0,135,"6:45-9:00","Seth","WSW 3-7",NA
"COLO",2014-10-14,40,135,"6:45-9:00","Seth","WSW 3-7",NA
"Calidris sp.",2014-10-14,0,135,"6:45-9:00","Seth","WSW 3-7",NA
"DCCO",2014-10-14,150,135,"6:45-9:00","Seth","WSW 3-7",NA
"GBHE",2014-10-14,1,135,"6:45-9:00","Seth","WSW 3-7",NA
"GRCO",2014-10-14,0,135,"6:45-9:00","Seth","WSW 3-7",NA
"HADU",2014-10-14,0,135,"6:45-9:00","Seth","WSW 3-7",NA
"LAGU",2014-10-14,1,135,"6:45-9:00","Seth","WSW 3-7",NA
"LESC",2014-10-14,0,135,"6:45-9:00","Seth","WSW 3-7",NA
"LTDU",2014-10-14,1,135,"6:45-9:00","Seth","WSW 3-7",NA
"MERL",2014-10-14,0,135,"6:45-9:00","Seth","WSW 3-7",NA
"NOGA",2014-10-14,4,135,"6:45-9:00","Seth","WSW 3-7",NA
"NOPI",2014-10-14,6,135,"6:45-9:00","Seth","WSW 3-7",NA
"PAJA",2014-10-14,0,135,"6:45-9:00","Seth","WSW 3-7",NA
"PEFA",2014-10-14,0,135,"6:45-9:00","Seth","WSW 3-7",NA
"PISI",2014-10-14,4,135,"6:45-9:00","Seth","WSW 3-7",NA
"RBGU",2014-10-14,14,135,"6:45-9:00","Seth","WSW 3-7",NA
"RBME",2014-10-14,13,135,"6:45-9:00","Seth","WSW 3-7",NA
"RNGR",2014-10-14,0,135,"6:45-9:00","Seth","WSW 3-7",NA
"RTLO",2014-10-14,3,135,"6:45-9:00","Seth","WSW 3-7",NA
"RUTU",2014-10-14,0,135,"6:45-9:00","Seth","WSW 3-7",NA
"SNBU",2014-10-14,0,135,"6:45-9:00","Seth","WSW 3-7",NA
"SSHA",2014-10-14,0,135,"6:45-9:00","Seth","WSW 3-7",NA
"SUSC",2014-10-14,49,135,"6:45-9:00","Seth","WSW 3-7",NA
"SWSP",2014-10-14,1,135,"6:45-9:00","Seth","WSW 3-7",NA
"Scoter sp.",2014-10-14,0,135,"6:45-9:00","Seth","WSW 3-7",NA
"UNID",2014-10-14,0,135,"6:45-9:00","Seth","WSW 3-7",NA
"WHIM",2014-10-14,0,135,"6:45-9:00","Seth","WSW 3-7",NA
"WWSC",2014-10-14,65,135,"6:45-9:00","Seth","WSW 3-7",NA
"YBCH",2014-10-14,0,135,"6:45-9:00","Seth","WSW 3-7",NA
"YRWA",2014-10-14,5,135,"6:45-9:00","Seth","WSW 3-7",NA
"ABDU",2014-10-16,0,30,"6:45-7:15"," Seth","Heavy Fog",NA
"AMCR",2014-10-16,0,30,"6:45-7:15"," Seth","Heavy Fog",NA
"ATSP",2014-10-16,0,30,"6:45-7:15"," Seth","Heavy Fog",NA
"BAEA",2014-10-16,0,30,"6:45-7:15"," Seth","Heavy Fog",NA
"BAOR",2014-10-16,0,30,"6:45-7:15"," Seth","Heavy Fog",NA
"BLGU",2014-10-16,0,30,"6:45-7:15"," Seth","Heavy Fog",NA
"BLKI",2014-10-16,0,30,"6:45-7:15"," Seth","Heavy Fog",NA
"BLSC",2014-10-16,0,30,"6:45-7:15"," Seth","Heavy Fog",NA
"BOGU",2014-10-16,0,30,"6:45-7:15"," Seth","Heavy Fog",NA
"BOWA",2014-10-16,0,30,"6:45-7:15"," Seth","Heavy Fog",NA
"BUFF",2014-10-16,0,30,"6:45-7:15"," Seth","Heavy Fog",NA
"CATE",2014-10-16,0,30,"6:45-7:15"," Seth","Heavy Fog",NA
"COEI",2014-10-16,0,30,"6:45-7:15"," Seth","Heavy Fog",NA
"COGO",2014-10-16,0,30,"6:45-7:15"," Seth","Heavy Fog",NA
"COGR",2014-10-16,0,30,"6:45-7:15"," Seth","Heavy Fog",NA
"COLO",2014-10-16,0,30,"6:45-7:15"," Seth","Heavy Fog",NA
"Calidris sp.",2014-10-16,0,30,"6:45-7:15"," Seth","Heavy Fog",NA
"DCCO",2014-10-16,0,30,"6:45-7:15"," Seth","Heavy Fog",NA
"GBHE",2014-10-16,0,30,"6:45-7:15"," Seth","Heavy Fog",NA
"GRCO",2014-10-16,0,30,"6:45-7:15"," Seth","Heavy Fog",NA
"HADU",2014-10-16,0,30,"6:45-7:15"," Seth","Heavy Fog",NA
"LAGU",2014-10-16,0,30,"6:45-7:15"," Seth","Heavy Fog",NA
"LESC",2014-10-16,0,30,"6:45-7:15"," Seth","Heavy Fog",NA
"LTDU",2014-10-16,0,30,"6:45-7:15"," Seth","Heavy Fog",NA
"MERL",2014-10-16,0,30,"6:45-7:15"," Seth","Heavy Fog",NA
"NOGA",2014-10-16,0,30,"6:45-7:15"," Seth","Heavy Fog",NA
"NOPI",2014-10-16,0,30,"6:45-7:15"," Seth","Heavy Fog",NA
"PAJA",2014-10-16,0,30,"6:45-7:15"," Seth","Heavy Fog",NA
"PEFA",2014-10-16,0,30,"6:45-7:15"," Seth","Heavy Fog",NA
"PISI",2014-10-16,0,30,"6:45-7:15"," Seth","Heavy Fog",NA
"RBGU",2014-10-16,0,30,"6:45-7:15"," Seth","Heavy Fog",NA
"RBME",2014-10-16,0,30,"6:45-7:15"," Seth","Heavy Fog",NA
"RNGR",2014-10-16,0,30,"6:45-7:15"," Seth","Heavy Fog",NA
"RTLO",2014-10-16,0,30,"6:45-7:15"," Seth","Heavy Fog",NA
"RUTU",2014-10-16,0,30,"6:45-7:15"," Seth","Heavy Fog",NA
"SNBU",2014-10-16,0,30,"6:45-7:15"," Seth","Heavy Fog",NA
"SSHA",2014-10-16,0,30,"6:45-7:15"," Seth","Heavy Fog",NA
"SUSC",2014-10-16,0,30,"6:45-7:15"," Seth","Heavy Fog",NA
"SWSP",2014-10-16,0,30,"6:45-7:15"," Seth","Heavy Fog",NA
"Scoter sp.",2014-10-16,0,30,"6:45-7:15"," Seth","Heavy Fog",NA
"UNID",2014-10-16,0,30,"6:45-7:15"," Seth","Heavy Fog",NA
"WHIM",2014-10-16,0,30,"6:45-7:15"," Seth","Heavy Fog",NA
"WWSC",2014-10-16,0,30,"6:45-7:15"," Seth","Heavy Fog",NA
"YBCH",2014-10-16,0,30,"6:45-7:15"," Seth","Heavy Fog",NA
"YRWA",2014-10-16,0,30,"6:45-7:15"," Seth","Heavy Fog",NA
"ABDU",2014-10-21,0,135,"6:45 -9:00","Seth","NNE 2-5",NA
"AMCR",2014-10-21,0,135,"6:45 -9:00","Seth","NNE 2-5",NA
"ATSP",2014-10-21,0,135,"6:45 -9:00","Seth","NNE 2-5",NA
"BAEA",2014-10-21,0,135,"6:45 -9:00","Seth","NNE 2-5",NA
"BAOR",2014-10-21,0,135,"6:45 -9:00","Seth","NNE 2-5",NA
"BLGU",2014-10-21,2,135,"6:45 -9:00","Seth","NNE 2-5",NA
"BLKI",2014-10-21,0,135,"6:45 -9:00","Seth","NNE 2-5",NA
"BLSC",2014-10-21,0,135,"6:45 -9:00","Seth","NNE 2-5",NA
"BOGU",2014-10-21,5,135,"6:45 -9:00","Seth","NNE 2-5",NA
"BOWA",2014-10-21,3,135,"6:45 -9:00","Seth","NNE 2-5",NA
"BUFF",2014-10-21,0,135,"6:45 -9:00","Seth","NNE 2-5",NA
"CATE",2014-10-21,0,135,"6:45 -9:00","Seth","NNE 2-5",NA
"COEI",2014-10-21,151,135,"6:45 -9:00","Seth","NNE 2-5",NA
"COGO",2014-10-21,0,135,"6:45 -9:00","Seth","NNE 2-5",NA
"COGR",2014-10-21,23,135,"6:45 -9:00","Seth","NNE 2-5",NA
"COLO",2014-10-21,57,135,"6:45 -9:00","Seth","NNE 2-5",NA
"Calidris sp.",2014-10-21,0,135,"6:45 -9:00","Seth","NNE 2-5",NA
"DCCO",2014-10-21,1668,135,"6:45 -9:00","Seth","NNE 2-5",NA
"GBHE",2014-10-21,0,135,"6:45 -9:00","Seth","NNE 2-5",NA
"GRCO",2014-10-21,0,135,"6:45 -9:00","Seth","NNE 2-5",NA
"HADU",2014-10-21,0,135,"6:45 -9:00","Seth","NNE 2-5",NA
"LAGU",2014-10-21,0,135,"6:45 -9:00","Seth","NNE 2-5",NA
"LESC",2014-10-21,0,135,"6:45 -9:00","Seth","NNE 2-5",NA
"LTDU",2014-10-21,6,135,"6:45 -9:00","Seth","NNE 2-5",NA
"MERL",2014-10-21,2,135,"6:45 -9:00","Seth","NNE 2-5",NA
"NOGA",2014-10-21,22,135,"6:45 -9:00","Seth","NNE 2-5",NA
"NOPI",2014-10-21,0,135,"6:45 -9:00","Seth","NNE 2-5",NA
"PAJA",2014-10-21,0,135,"6:45 -9:00","Seth","NNE 2-5",NA
"PEFA",2014-10-21,0,135,"6:45 -9:00","Seth","NNE 2-5",NA
"PISI",2014-10-21,0,135,"6:45 -9:00","Seth","NNE 2-5",NA
"RBGU",2014-10-21,0,135,"6:45 -9:00","Seth","NNE 2-5",NA
"RBME",2014-10-21,18,135,"6:45 -9:00","Seth","NNE 2-5",NA
"RNGR",2014-10-21,0,135,"6:45 -9:00","Seth","NNE 2-5",NA
"RTLO",2014-10-21,1,135,"6:45 -9:00","Seth","NNE 2-5",NA
"RUTU",2014-10-21,0,135,"6:45 -9:00","Seth","NNE 2-5",NA
"SNBU",2014-10-21,0,135,"6:45 -9:00","Seth","NNE 2-5",NA
"SSHA",2014-10-21,0,135,"6:45 -9:00","Seth","NNE 2-5",NA
"SUSC",2014-10-21,14,135,"6:45 -9:00","Seth","NNE 2-5",NA
"SWSP",2014-10-21,0,135,"6:45 -9:00","Seth","NNE 2-5",NA
"Scoter sp.",2014-10-21,41,135,"6:45 -9:00","Seth","NNE 2-5",NA
"UNID",2014-10-21,0,135,"6:45 -9:00","Seth","NNE 2-5",NA
"WHIM",2014-10-21,0,135,"6:45 -9:00","Seth","NNE 2-5",NA
"WWSC",2014-10-21,3,135,"6:45 -9:00","Seth","NNE 2-5",NA
"YBCH",2014-10-21,1,135,"6:45 -9:00","Seth","NNE 2-5",NA
"YRWA",2014-10-21,0,135,"6:45 -9:00","Seth","NNE 2-5",NA
"ABDU",2014-10-23,0,45,"7:00- 7:45","Seth","NE 15-25/Storm",NA
"AMCR",2014-10-23,0,45,"7:00- 7:45","Seth","NE 15-25/Storm",NA
"ATSP",2014-10-23,0,45,"7:00- 7:45","Seth","NE 15-25/Storm",NA
"BAEA",2014-10-23,0,45,"7:00- 7:45","Seth","NE 15-25/Storm",NA
"BAOR",2014-10-23,0,45,"7:00- 7:45","Seth","NE 15-25/Storm",NA
"BLGU",2014-10-23,0,45,"7:00- 7:45","Seth","NE 15-25/Storm",NA
"BLKI",2014-10-23,0,45,"7:00- 7:45","Seth","NE 15-25/Storm",NA
"BLSC",2014-10-23,0,45,"7:00- 7:45","Seth","NE 15-25/Storm",NA
"BOGU",2014-10-23,0,45,"7:00- 7:45","Seth","NE 15-25/Storm",NA
"BOWA",2014-10-23,0,45,"7:00- 7:45","Seth","NE 15-25/Storm",NA
"BUFF",2014-10-23,0,45,"7:00- 7:45","Seth","NE 15-25/Storm",NA
"CATE",2014-10-23,0,45,"7:00- 7:45","Seth","NE 15-25/Storm",NA
"COEI",2014-10-23,0,45,"7:00- 7:45","Seth","NE 15-25/Storm",NA
"COGO",2014-10-23,0,45,"7:00- 7:45","Seth","NE 15-25/Storm",NA
"COGR",2014-10-23,0,45,"7:00- 7:45","Seth","NE 15-25/Storm",NA
"COLO",2014-10-23,0,45,"7:00- 7:45","Seth","NE 15-25/Storm",NA
"Calidris sp.",2014-10-23,0,45,"7:00- 7:45","Seth","NE 15-25/Storm",NA
"DCCO",2014-10-23,0,45,"7:00- 7:45","Seth","NE 15-25/Storm",NA
"GBHE",2014-10-23,0,45,"7:00- 7:45","Seth","NE 15-25/Storm",NA
"GRCO",2014-10-23,0,45,"7:00- 7:45","Seth","NE 15-25/Storm",NA
"HADU",2014-10-23,0,45,"7:00- 7:45","Seth","NE 15-25/Storm",NA
"LAGU",2014-10-23,0,45,"7:00- 7:45","Seth","NE 15-25/Storm",NA
"LESC",2014-10-23,0,45,"7:00- 7:45","Seth","NE 15-25/Storm",NA
"LTDU",2014-10-23,0,45,"7:00- 7:45","Seth","NE 15-25/Storm",NA
"MERL",2014-10-23,0,45,"7:00- 7:45","Seth","NE 15-25/Storm",NA
"NOGA",2014-10-23,0,45,"7:00- 7:45","Seth","NE 15-25/Storm",NA
"NOPI",2014-10-23,0,45,"7:00- 7:45","Seth","NE 15-25/Storm",NA
"PAJA",2014-10-23,0,45,"7:00- 7:45","Seth","NE 15-25/Storm",NA
"PEFA",2014-10-23,0,45,"7:00- 7:45","Seth","NE 15-25/Storm",NA
"PISI",2014-10-23,0,45,"7:00- 7:45","Seth","NE 15-25/Storm",NA
"RBGU",2014-10-23,0,45,"7:00- 7:45","Seth","NE 15-25/Storm",NA
"RBME",2014-10-23,0,45,"7:00- 7:45","Seth","NE 15-25/Storm",NA
"RNGR",2014-10-23,0,45,"7:00- 7:45","Seth","NE 15-25/Storm",NA
"RTLO",2014-10-23,0,45,"7:00- 7:45","Seth","NE 15-25/Storm",NA
"RUTU",2014-10-23,0,45,"7:00- 7:45","Seth","NE 15-25/Storm",NA
"SNBU",2014-10-23,0,45,"7:00- 7:45","Seth","NE 15-25/Storm",NA
"SSHA",2014-10-23,0,45,"7:00- 7:45","Seth","NE 15-25/Storm",NA
"SUSC",2014-10-23,0,45,"7:00- 7:45","Seth","NE 15-25/Storm",NA
"SWSP",2014-10-23,0,45,"7:00- 7:45","Seth","NE 15-25/Storm",NA
"Scoter sp.",2014-10-23,0,45,"7:00- 7:45","Seth","NE 15-25/Storm",NA
"UNID",2014-10-23,0,45,"7:00- 7:45","Seth","NE 15-25/Storm",NA
"WHIM",2014-10-23,0,45,"7:00- 7:45","Seth","NE 15-25/Storm",NA
"WWSC",2014-10-23,0,45,"7:00- 7:45","Seth","NE 15-25/Storm",NA
"YBCH",2014-10-23,0,45,"7:00- 7:45","Seth","NE 15-25/Storm",NA
"YRWA",2014-10-23,0,45,"7:00- 7:45","Seth","NE 15-25/Storm",NA
"ABDU",2014-10-28,0,135,"6:45-9:00","Seth","NNW 3-7 Mostly cloudy",NA
"AMCR",2014-10-28,0,135,"6:45-9:00","Seth","NNW 3-7 Mostly cloudy",NA
"ATSP",2014-10-28,0,135,"6:45-9:00","Seth","NNW 3-7 Mostly cloudy",NA
"BAEA",2014-10-28,0,135,"6:45-9:00","Seth","NNW 3-7 Mostly cloudy",NA
"BAOR",2014-10-28,1,135,"6:45-9:00","Seth","NNW 3-7 Mostly cloudy",NA
"BLGU",2014-10-28,6,135,"6:45-9:00","Seth","NNW 3-7 Mostly cloudy",NA
"BLKI",2014-10-28,0,135,"6:45-9:00","Seth","NNW 3-7 Mostly cloudy",NA
"BLSC",2014-10-28,0,135,"6:45-9:00","Seth","NNW 3-7 Mostly cloudy",NA
"BOGU",2014-10-28,0,135,"6:45-9:00","Seth","NNW 3-7 Mostly cloudy",NA
"BOWA",2014-10-28,0,135,"6:45-9:00","Seth","NNW 3-7 Mostly cloudy",NA
"BUFF",2014-10-28,0,135,"6:45-9:00","Seth","NNW 3-7 Mostly cloudy",NA
"CATE",2014-10-28,0,135,"6:45-9:00","Seth","NNW 3-7 Mostly cloudy",NA
"COEI",2014-10-28,115,135,"6:45-9:00","Seth","NNW 3-7 Mostly cloudy",NA
"COGO",2014-10-28,0,135,"6:45-9:00","Seth","NNW 3-7 Mostly cloudy",NA
"COGR",2014-10-28,18,135,"6:45-9:00","Seth","NNW 3-7 Mostly cloudy",NA
"COLO",2014-10-28,12,135,"6:45-9:00","Seth","NNW 3-7 Mostly cloudy",NA
"Calidris sp.",2014-10-28,0,135,"6:45-9:00","Seth","NNW 3-7 Mostly cloudy",NA
"DCCO",2014-10-28,84,135,"6:45-9:00","Seth","NNW 3-7 Mostly cloudy",NA
"GBHE",2014-10-28,0,135,"6:45-9:00","Seth","NNW 3-7 Mostly cloudy",NA
"GRCO",2014-10-28,0,135,"6:45-9:00","Seth","NNW 3-7 Mostly cloudy",NA
"HADU",2014-10-28,0,135,"6:45-9:00","Seth","NNW 3-7 Mostly cloudy",NA
"LAGU",2014-10-28,0,135,"6:45-9:00","Seth","NNW 3-7 Mostly cloudy",NA
"LESC",2014-10-28,0,135,"6:45-9:00","Seth","NNW 3-7 Mostly cloudy",NA
"LTDU",2014-10-28,0,135,"6:45-9:00","Seth","NNW 3-7 Mostly cloudy",NA
"MERL",2014-10-28,0,135,"6:45-9:00","Seth","NNW 3-7 Mostly cloudy",NA
"NOGA",2014-10-28,12,135,"6:45-9:00","Seth","NNW 3-7 Mostly cloudy",NA
"NOPI",2014-10-28,0,135,"6:45-9:00","Seth","NNW 3-7 Mostly cloudy",NA
"PAJA",2014-10-28,0,135,"6:45-9:00","Seth","NNW 3-7 Mostly cloudy",NA
"PEFA",2014-10-28,1,135,"6:45-9:00","Seth","NNW 3-7 Mostly cloudy",NA
"PISI",2014-10-28,1,135,"6:45-9:00","Seth","NNW 3-7 Mostly cloudy",NA
"RBGU",2014-10-28,3,135,"6:45-9:00","Seth","NNW 3-7 Mostly cloudy",NA
"RBME",2014-10-28,4,135,"6:45-9:00","Seth","NNW 3-7 Mostly cloudy",NA
"RNGR",2014-10-28,0,135,"6:45-9:00","Seth","NNW 3-7 Mostly cloudy",NA
"RTLO",2014-10-28,0,135,"6:45-9:00","Seth","NNW 3-7 Mostly cloudy",NA
"RUTU",2014-10-28,0,135,"6:45-9:00","Seth","NNW 3-7 Mostly cloudy",NA
"SNBU",2014-10-28,0,135,"6:45-9:00","Seth","NNW 3-7 Mostly cloudy",NA
"SSHA",2014-10-28,0,135,"6:45-9:00","Seth","NNW 3-7 Mostly cloudy",NA
"SUSC",2014-10-28,4,135,"6:45-9:00","Seth","NNW 3-7 Mostly cloudy",NA
"SWSP",2014-10-28,0,135,"6:45-9:00","Seth","NNW 3-7 Mostly cloudy",NA
"Scoter sp.",2014-10-28,4,135,"6:45-9:00","Seth","NNW 3-7 Mostly cloudy",NA
"UNID",2014-10-28,0,135,"6:45-9:00","Seth","NNW 3-7 Mostly cloudy",NA
"WHIM",2014-10-28,0,135,"6:45-9:00","Seth","NNW 3-7 Mostly cloudy",NA
"WWSC",2014-10-28,9,135,"6:45-9:00","Seth","NNW 3-7 Mostly cloudy",NA
"YBCH",2014-10-28,0,135,"6:45-9:00","Seth","NNW 3-7 Mostly cloudy",NA
"YRWA",2014-10-28,0,135,"6:45-9:00","Seth","NNW 3-7 Mostly cloudy",NA
"ABDU",2014-10-30,0,120,"6:45-8:45","Seth","WSW 3-7 Partly clay.",NA
"AMCR",2014-10-30,0,120,"6:45-8:45","Seth","WSW 3-7 Partly clay.",NA
"ATSP",2014-10-30,0,120,"6:45-8:45","Seth","WSW 3-7 Partly clay.",NA
"BAEA",2014-10-30,0,120,"6:45-8:45","Seth","WSW 3-7 Partly clay.",NA
"BAOR",2014-10-30,0,120,"6:45-8:45","Seth","WSW 3-7 Partly clay.",NA
"BLGU",2014-10-30,2,120,"6:45-8:45","Seth","WSW 3-7 Partly clay.",NA
"BLKI",2014-10-30,4,120,"6:45-8:45","Seth","WSW 3-7 Partly clay.",NA
"BLSC",2014-10-30,1,120,"6:45-8:45","Seth","WSW 3-7 Partly clay.",NA
"BOGU",2014-10-30,0,120,"6:45-8:45","Seth","WSW 3-7 Partly clay.",NA
"BOWA",2014-10-30,0,120,"6:45-8:45","Seth","WSW 3-7 Partly clay.",NA
"BUFF",2014-10-30,0,120,"6:45-8:45","Seth","WSW 3-7 Partly clay.",NA
"CATE",2014-10-30,0,120,"6:45-8:45","Seth","WSW 3-7 Partly clay.",NA
"COEI",2014-10-30,65,120,"6:45-8:45","Seth","WSW 3-7 Partly clay.",NA
"COGO",2014-10-30,0,120,"6:45-8:45","Seth","WSW 3-7 Partly clay.",NA
"COGR",2014-10-30,2,120,"6:45-8:45","Seth","WSW 3-7 Partly clay.",NA
"COLO",2014-10-30,69,120,"6:45-8:45","Seth","WSW 3-7 Partly clay.",NA
"Calidris sp.",2014-10-30,0,120,"6:45-8:45","Seth","WSW 3-7 Partly clay.",NA
"DCCO",2014-10-30,207,120,"6:45-8:45","Seth","WSW 3-7 Partly clay.",NA
"GBHE",2014-10-30,0,120,"6:45-8:45","Seth","WSW 3-7 Partly clay.",NA
"GRCO",2014-10-30,0,120,"6:45-8:45","Seth","WSW 3-7 Partly clay.",NA
"HADU",2014-10-30,0,120,"6:45-8:45","Seth","WSW 3-7 Partly clay.",NA
"LAGU",2014-10-30,0,120,"6:45-8:45","Seth","WSW 3-7 Partly clay.",NA
"LESC",2014-10-30,0,120,"6:45-8:45","Seth","WSW 3-7 Partly clay.",NA
"LTDU",2014-10-30,7,120,"6:45-8:45","Seth","WSW 3-7 Partly clay.",NA
"MERL",2014-10-30,0,120,"6:45-8:45","Seth","WSW 3-7 Partly clay.",NA
"NOGA",2014-10-30,50,120,"6:45-8:45","Seth","WSW 3-7 Partly clay.",NA
"NOPI",2014-10-30,0,120,"6:45-8:45","Seth","WSW 3-7 Partly clay.",NA
"PAJA",2014-10-30,0,120,"6:45-8:45","Seth","WSW 3-7 Partly clay.",NA
"PEFA",2014-10-30,0,120,"6:45-8:45","Seth","WSW 3-7 Partly clay.",NA
"PISI",2014-10-30,10,120,"6:45-8:45","Seth","WSW 3-7 Partly clay.",NA
"RBGU",2014-10-30,4,120,"6:45-8:45","Seth","WSW 3-7 Partly clay.",NA
"RBME",2014-10-30,8,120,"6:45-8:45","Seth","WSW 3-7 Partly clay.",NA
"RNGR",2014-10-30,0,120,"6:45-8:45","Seth","WSW 3-7 Partly clay.",NA
"RTLO",2014-10-30,9,120,"6:45-8:45","Seth","WSW 3-7 Partly clay.",NA
"RUTU",2014-10-30,0,120,"6:45-8:45","Seth","WSW 3-7 Partly clay.",NA
"SNBU",2014-10-30,1,120,"6:45-8:45","Seth","WSW 3-7 Partly clay.",NA
"SSHA",2014-10-30,0,120,"6:45-8:45","Seth","WSW 3-7 Partly clay.",NA
"SUSC",2014-10-30,3,120,"6:45-8:45","Seth","WSW 3-7 Partly clay.",NA
"SWSP",2014-10-30,0,120,"6:45-8:45","Seth","WSW 3-7 Partly clay.",NA
"Scoter sp.",2014-10-30,0,120,"6:45-8:45","Seth","WSW 3-7 Partly clay.",NA
"UNID",2014-10-30,45,120,"6:45-8:45","Seth","WSW 3-7 Partly clay.",NA
"WHIM",2014-10-30,0,120,"6:45-8:45","Seth","WSW 3-7 Partly clay.",NA
"WWSC",2014-10-30,1,120,"6:45-8:45","Seth","WSW 3-7 Partly clay.",NA
"YBCH",2014-10-30,0,120,"6:45-8:45","Seth","WSW 3-7 Partly clay.",NA
"YRWA",2014-10-30,5,120,"6:45-8:45","Seth","WSW 3-7 Partly clay.",NA
"ABDU",2014-11-04,0,105,"7:15-9:00","Seth","Var. Light Sunny",NA
"AMCR",2014-11-04,0,105,"7:15-9:00","Seth","Var. Light Sunny",NA
"ATSP",2014-11-04,0,105,"7:15-9:00","Seth","Var. Light Sunny",NA
"BAEA",2014-11-04,0,105,"7:15-9:00","Seth","Var. Light Sunny",NA
"BAOR",2014-11-04,0,105,"7:15-9:00","Seth","Var. Light Sunny",NA
"BLGU",2014-11-04,4,105,"7:15-9:00","Seth","Var. Light Sunny",NA
"BLKI",2014-11-04,0,105,"7:15-9:00","Seth","Var. Light Sunny",NA
"BLSC",2014-11-04,8,105,"7:15-9:00","Seth","Var. Light Sunny",NA
"BOGU",2014-11-04,0,105,"7:15-9:00","Seth","Var. Light Sunny",NA
"BOWA",2014-11-04,0,105,"7:15-9:00","Seth","Var. Light Sunny",NA
"BUFF",2014-11-04,0,105,"7:15-9:00","Seth","Var. Light Sunny",NA
"CATE",2014-11-04,0,105,"7:15-9:00","Seth","Var. Light Sunny",NA
"COEI",2014-11-04,99,105,"7:15-9:00","Seth","Var. Light Sunny",NA
"COGO",2014-11-04,0,105,"7:15-9:00","Seth","Var. Light Sunny",NA
"COGR",2014-11-04,0,105,"7:15-9:00","Seth","Var. Light Sunny",NA
"COLO",2014-11-04,30,105,"7:15-9:00","Seth","Var. Light Sunny",NA
"Calidris sp.",2014-11-04,0,105,"7:15-9:00","Seth","Var. Light Sunny",NA
"DCCO",2014-11-04,73,105,"7:15-9:00","Seth","Var. Light Sunny",NA
"GBHE",2014-11-04,0,105,"7:15-9:00","Seth","Var. Light Sunny",NA
"GRCO",2014-11-04,0,105,"7:15-9:00","Seth","Var. Light Sunny",NA
"HADU",2014-11-04,0,105,"7:15-9:00","Seth","Var. Light Sunny",NA
"LAGU",2014-11-04,0,105,"7:15-9:00","Seth","Var. Light Sunny",NA
"LESC",2014-11-04,0,105,"7:15-9:00","Seth","Var. Light Sunny",NA
"LTDU",2014-11-04,11,105,"7:15-9:00","Seth","Var. Light Sunny",NA
"MERL",2014-11-04,0,105,"7:15-9:00","Seth","Var. Light Sunny",NA
"NOGA",2014-11-04,8,105,"7:15-9:00","Seth","Var. Light Sunny",NA
"NOPI",2014-11-04,0,105,"7:15-9:00","Seth","Var. Light Sunny",NA
"PAJA",2014-11-04,0,105,"7:15-9:00","Seth","Var. Light Sunny",NA
"PEFA",2014-11-04,0,105,"7:15-9:00","Seth","Var. Light Sunny",NA
"PISI",2014-11-04,0,105,"7:15-9:00","Seth","Var. Light Sunny",NA
"RBGU",2014-11-04,10,105,"7:15-9:00","Seth","Var. Light Sunny",NA
"RBME",2014-11-04,30,105,"7:15-9:00","Seth","Var. Light Sunny",NA
"RNGR",2014-11-04,0,105,"7:15-9:00","Seth","Var. Light Sunny",NA
"RTLO",2014-11-04,1,105,"7:15-9:00","Seth","Var. Light Sunny",NA
"RUTU",2014-11-04,0,105,"7:15-9:00","Seth","Var. Light Sunny",NA
"SNBU",2014-11-04,0,105,"7:15-9:00","Seth","Var. Light Sunny",NA
"SSHA",2014-11-04,0,105,"7:15-9:00","Seth","Var. Light Sunny",NA
"SUSC",2014-11-04,0,105,"7:15-9:00","Seth","Var. Light Sunny",NA
"SWSP",2014-11-04,0,105,"7:15-9:00","Seth","Var. Light Sunny",NA
"Scoter sp.",2014-11-04,0,105,"7:15-9:00","Seth","Var. Light Sunny",NA
"UNID",2014-11-04,0,105,"7:15-9:00","Seth","Var. Light Sunny",NA
"WHIM",2014-11-04,0,105,"7:15-9:00","Seth","Var. Light Sunny",NA
"WWSC",2014-11-04,4,105,"7:15-9:00","Seth","Var. Light Sunny",NA
"YBCH",2014-11-04,0,105,"7:15-9:00","Seth","Var. Light Sunny",NA
"YRWA",2014-11-04,0,105,"7:15-9:00","Seth","Var. Light Sunny",NA
"ABDU",2014-11-05,47,130,"6:35-8:45","Seth","SW 10-15 Overcast",NA
"AMCR",2014-11-05,0,130,"6:35-8:45","Seth","SW 10-15 Overcast",NA
"ATSP",2014-11-05,0,130,"6:35-8:45","Seth","SW 10-15 Overcast",NA
"BAEA",2014-11-05,0,130,"6:35-8:45","Seth","SW 10-15 Overcast",NA
"BAOR",2014-11-05,0,130,"6:35-8:45","Seth","SW 10-15 Overcast",NA
"BLGU",2014-11-05,4,130,"6:35-8:45","Seth","SW 10-15 Overcast",NA
"BLKI",2014-11-05,0,130,"6:35-8:45","Seth","SW 10-15 Overcast",NA
"BLSC",2014-11-05,15,130,"6:35-8:45","Seth","SW 10-15 Overcast",NA
"BOGU",2014-11-05,0,130,"6:35-8:45","Seth","SW 10-15 Overcast",NA
"BOWA",2014-11-05,0,130,"6:35-8:45","Seth","SW 10-15 Overcast",NA
"BUFF",2014-11-05,0,130,"6:35-8:45","Seth","SW 10-15 Overcast",NA
"CATE",2014-11-05,0,130,"6:35-8:45","Seth","SW 10-15 Overcast",NA
"COEI",2014-11-05,65,130,"6:35-8:45","Seth","SW 10-15 Overcast",NA
"COGO",2014-11-05,0,130,"6:35-8:45","Seth","SW 10-15 Overcast",NA
"COGR",2014-11-05,0,130,"6:35-8:45","Seth","SW 10-15 Overcast",NA
"COLO",2014-11-05,19,130,"6:35-8:45","Seth","SW 10-15 Overcast",NA
"Calidris sp.",2014-11-05,0,130,"6:35-8:45","Seth","SW 10-15 Overcast",NA
"DCCO",2014-11-05,7,130,"6:35-8:45","Seth","SW 10-15 Overcast",NA
"GBHE",2014-11-05,0,130,"6:35-8:45","Seth","SW 10-15 Overcast",NA
"GRCO",2014-11-05,0,130,"6:35-8:45","Seth","SW 10-15 Overcast",NA
"HADU",2014-11-05,5,130,"6:35-8:45","Seth","SW 10-15 Overcast",NA
"LAGU",2014-11-05,0,130,"6:35-8:45","Seth","SW 10-15 Overcast",NA
"LESC",2014-11-05,4,130,"6:35-8:45","Seth","SW 10-15 Overcast",NA
"LTDU",2014-11-05,48,130,"6:35-8:45","Seth","SW 10-15 Overcast",NA
"MERL",2014-11-05,0,130,"6:35-8:45","Seth","SW 10-15 Overcast",NA
"NOGA",2014-11-05,24,130,"6:35-8:45","Seth","SW 10-15 Overcast",NA
"NOPI",2014-11-05,0,130,"6:35-8:45","Seth","SW 10-15 Overcast",NA
"PAJA",2014-11-05,0,130,"6:35-8:45","Seth","SW 10-15 Overcast",NA
"PEFA",2014-11-05,0,130,"6:35-8:45","Seth","SW 10-15 Overcast",NA
"PISI",2014-11-05,0,130,"6:35-8:45","Seth","SW 10-15 Overcast",NA
"RBGU",2014-11-05,0,130,"6:35-8:45","Seth","SW 10-15 Overcast",NA
"RBME",2014-11-05,137,130,"6:35-8:45","Seth","SW 10-15 Overcast",NA
"RNGR",2014-11-05,0,130,"6:35-8:45","Seth","SW 10-15 Overcast",NA
"RTLO",2014-11-05,8,130,"6:35-8:45","Seth","SW 10-15 Overcast",NA
"RUTU",2014-11-05,0,130,"6:35-8:45","Seth","SW 10-15 Overcast",NA
"SNBU",2014-11-05,0,130,"6:35-8:45","Seth","SW 10-15 Overcast",NA
"SSHA",2014-11-05,0,130,"6:35-8:45","Seth","SW 10-15 Overcast",NA
"SUSC",2014-11-05,542,130,"6:35-8:45","Seth","SW 10-15 Overcast",NA
"SWSP",2014-11-05,0,130,"6:35-8:45","Seth","SW 10-15 Overcast",NA
"Scoter sp.",2014-11-05,74,130,"6:35-8:45","Seth","SW 10-15 Overcast",NA
"UNID",2014-11-05,9,130,"6:35-8:45","Seth","SW 10-15 Overcast",NA
"WHIM",2014-11-05,0,130,"6:35-8:45","Seth","SW 10-15 Overcast",NA
"WWSC",2014-11-05,69,130,"6:35-8:45","Seth","SW 10-15 Overcast",NA
"YBCH",2014-11-05,0,130,"6:35-8:45","Seth","SW 10-15 Overcast",NA
"YRWA",2014-11-05,0,130,"6:35-8:45","Seth","SW 10-15 Overcast",NA
"ABDU",2014-11-06,0,130,"6:30-8:40","Seth","Lt. WNW Partly Cloudy",NA
"AMCR",2014-11-06,0,130,"6:30-8:40","Seth","Lt. WNW Partly Cloudy",NA
"ATSP",2014-11-06,2,130,"6:30-8:40","Seth","Lt. WNW Partly Cloudy",NA
"BAEA",2014-11-06,0,130,"6:30-8:40","Seth","Lt. WNW Partly Cloudy",NA
"BAOR",2014-11-06,0,130,"6:30-8:40","Seth","Lt. WNW Partly Cloudy",NA
"BLGU",2014-11-06,0,130,"6:30-8:40","Seth","Lt. WNW Partly Cloudy",NA
"BLKI",2014-11-06,0,130,"6:30-8:40","Seth","Lt. WNW Partly Cloudy",NA
"BLSC",2014-11-06,34,130,"6:30-8:40","Seth","Lt. WNW Partly Cloudy",NA
"BOGU",2014-11-06,0,130,"6:30-8:40","Seth","Lt. WNW Partly Cloudy",NA
"BOWA",2014-11-06,0,130,"6:30-8:40","Seth","Lt. WNW Partly Cloudy",NA
"BUFF",2014-11-06,1,130,"6:30-8:40","Seth","Lt. WNW Partly Cloudy",NA
"CATE",2014-11-06,0,130,"6:30-8:40","Seth","Lt. WNW Partly Cloudy",NA
"COEI",2014-11-06,539,130,"6:30-8:40","Seth","Lt. WNW Partly Cloudy",NA
"COGO",2014-11-06,0,130,"6:30-8:40","Seth","Lt. WNW Partly Cloudy",NA
"COGR",2014-11-06,0,130,"6:30-8:40","Seth","Lt. WNW Partly Cloudy",NA
"COLO",2014-11-06,44,130,"6:30-8:40","Seth","Lt. WNW Partly Cloudy",NA
"Calidris sp.",2014-11-06,0,130,"6:30-8:40","Seth","Lt. WNW Partly Cloudy",NA
"DCCO",2014-11-06,71,130,"6:30-8:40","Seth","Lt. WNW Partly Cloudy",NA
"GBHE",2014-11-06,0,130,"6:30-8:40","Seth","Lt. WNW Partly Cloudy",NA
"GRCO",2014-11-06,0,130,"6:30-8:40","Seth","Lt. WNW Partly Cloudy",NA
"HADU",2014-11-06,0,130,"6:30-8:40","Seth","Lt. WNW Partly Cloudy",NA
"LAGU",2014-11-06,0,130,"6:30-8:40","Seth","Lt. WNW Partly Cloudy",NA
"LESC",2014-11-06,0,130,"6:30-8:40","Seth","Lt. WNW Partly Cloudy",NA
"LTDU",2014-11-06,2,130,"6:30-8:40","Seth","Lt. WNW Partly Cloudy",NA
"MERL",2014-11-06,0,130,"6:30-8:40","Seth","Lt. WNW Partly Cloudy",NA
"NOGA",2014-11-06,2,130,"6:30-8:40","Seth","Lt. WNW Partly Cloudy",NA
"NOPI",2014-11-06,0,130,"6:30-8:40","Seth","Lt. WNW Partly Cloudy",NA
"PAJA",2014-11-06,0,130,"6:30-8:40","Seth","Lt. WNW Partly Cloudy",NA
"PEFA",2014-11-06,2,130,"6:30-8:40","Seth","Lt. WNW Partly Cloudy",NA
"PISI",2014-11-06,120,130,"6:30-8:40","Seth","Lt. WNW Partly Cloudy",NA
"RBGU",2014-11-06,0,130,"6:30-8:40","Seth","Lt. WNW Partly Cloudy",NA
"RBME",2014-11-06,3,130,"6:30-8:40","Seth","Lt. WNW Partly Cloudy",NA
"RNGR",2014-11-06,1,130,"6:30-8:40","Seth","Lt. WNW Partly Cloudy",NA
"RTLO",2014-11-06,4,130,"6:30-8:40","Seth","Lt. WNW Partly Cloudy",NA
"RUTU",2014-11-06,0,130,"6:30-8:40","Seth","Lt. WNW Partly Cloudy",NA
"SNBU",2014-11-06,0,130,"6:30-8:40","Seth","Lt. WNW Partly Cloudy",NA
"SSHA",2014-11-06,0,130,"6:30-8:40","Seth","Lt. WNW Partly Cloudy",NA
"SUSC",2014-11-06,11,130,"6:30-8:40","Seth","Lt. WNW Partly Cloudy",NA
"SWSP",2014-11-06,0,130,"6:30-8:40","Seth","Lt. WNW Partly Cloudy",NA
"Scoter sp.",2014-11-06,1,130,"6:30-8:40","Seth","Lt. WNW Partly Cloudy",NA
"UNID",2014-11-06,0,130,"6:30-8:40","Seth","Lt. WNW Partly Cloudy",NA
"WHIM",2014-11-06,0,130,"6:30-8:40","Seth","Lt. WNW Partly Cloudy",NA
"WWSC",2014-11-06,7,130,"6:30-8:40","Seth","Lt. WNW Partly Cloudy",NA
"YBCH",2014-11-06,0,130,"6:30-8:40","Seth","Lt. WNW Partly Cloudy",NA
"YRWA",2014-11-06,0,130,"6:30-8:40","Seth","Lt. WNW Partly Cloudy",NA
"ABDU",2014-11-11,11,155,"6:25-9:00","Seth","WSW 4-7 Sunny",NA
"AMCR",2014-11-11,0,155,"6:25-9:00","Seth","WSW 4-7 Sunny",NA
"ATSP",2014-11-11,0,155,"6:25-9:00","Seth","WSW 4-7 Sunny",NA
"BAEA",2014-11-11,0,155,"6:25-9:00","Seth","WSW 4-7 Sunny",NA
"BAOR",2014-11-11,0,155,"6:25-9:00","Seth","WSW 4-7 Sunny",NA
"BLGU",2014-11-11,0,155,"6:25-9:00","Seth","WSW 4-7 Sunny",NA
"BLKI",2014-11-11,0,155,"6:25-9:00","Seth","WSW 4-7 Sunny",NA
"BLSC",2014-11-11,79,155,"6:25-9:00","Seth","WSW 4-7 Sunny",NA
"BOGU",2014-11-11,0,155,"6:25-9:00","Seth","WSW 4-7 Sunny",NA
"BOWA",2014-11-11,0,155,"6:25-9:00","Seth","WSW 4-7 Sunny",NA
"BUFF",2014-11-11,0,155,"6:25-9:00","Seth","WSW 4-7 Sunny",NA
"CATE",2014-11-11,0,155,"6:25-9:00","Seth","WSW 4-7 Sunny",NA
"COEI",2014-11-11,134,155,"6:25-9:00","Seth","WSW 4-7 Sunny",NA
"COGO",2014-11-11,0,155,"6:25-9:00","Seth","WSW 4-7 Sunny",NA
"COGR",2014-11-11,0,155,"6:25-9:00","Seth","WSW 4-7 Sunny",NA
"COLO",2014-11-11,47,155,"6:25-9:00","Seth","WSW 4-7 Sunny",NA
"Calidris sp.",2014-11-11,0,155,"6:25-9:00","Seth","WSW 4-7 Sunny",NA
"DCCO",2014-11-11,5,155,"6:25-9:00","Seth","WSW 4-7 Sunny",NA
"GBHE",2014-11-11,0,155,"6:25-9:00","Seth","WSW 4-7 Sunny",NA
"GRCO",2014-11-11,0,155,"6:25-9:00","Seth","WSW 4-7 Sunny",NA
"HADU",2014-11-11,0,155,"6:25-9:00","Seth","WSW 4-7 Sunny",NA
"LAGU",2014-11-11,0,155,"6:25-9:00","Seth","WSW 4-7 Sunny",NA
"LESC",2014-11-11,0,155,"6:25-9:00","Seth","WSW 4-7 Sunny",NA
"LTDU",2014-11-11,31,155,"6:25-9:00","Seth","WSW 4-7 Sunny",NA
"MERL",2014-11-11,0,155,"6:25-9:00","Seth","WSW 4-7 Sunny",NA
"NOGA",2014-11-11,3,155,"6:25-9:00","Seth","WSW 4-7 Sunny",NA
"NOPI",2014-11-11,0,155,"6:25-9:00","Seth","WSW 4-7 Sunny",NA
"PAJA",2014-11-11,0,155,"6:25-9:00","Seth","WSW 4-7 Sunny",NA
"PEFA",2014-11-11,1,155,"6:25-9:00","Seth","WSW 4-7 Sunny",NA
"PISI",2014-11-11,0,155,"6:25-9:00","Seth","WSW 4-7 Sunny",NA
"RBGU",2014-11-11,8,155,"6:25-9:00","Seth","WSW 4-7 Sunny",NA
"RBME",2014-11-11,4,155,"6:25-9:00","Seth","WSW 4-7 Sunny",NA
"RNGR",2014-11-11,0,155,"6:25-9:00","Seth","WSW 4-7 Sunny",NA
"RTLO",2014-11-11,0,155,"6:25-9:00","Seth","WSW 4-7 Sunny",NA
"RUTU",2014-11-11,0,155,"6:25-9:00","Seth","WSW 4-7 Sunny",NA
"SNBU",2014-11-11,0,155,"6:25-9:00","Seth","WSW 4-7 Sunny",NA
"SSHA",2014-11-11,0,155,"6:25-9:00","Seth","WSW 4-7 Sunny",NA
"SUSC",2014-11-11,34,155,"6:25-9:00","Seth","WSW 4-7 Sunny",NA
"SWSP",2014-11-11,0,155,"6:25-9:00","Seth","WSW 4-7 Sunny",NA
"Scoter sp.",2014-11-11,5,155,"6:25-9:00","Seth","WSW 4-7 Sunny",NA
"UNID",2014-11-11,7,155,"6:25-9:00","Seth","WSW 4-7 Sunny",NA
"WHIM",2014-11-11,0,155,"6:25-9:00","Seth","WSW 4-7 Sunny",NA
"WWSC",2014-11-11,0,155,"6:25-9:00","Seth","WSW 4-7 Sunny",NA
"YBCH",2014-11-11,0,155,"6:25-9:00","Seth","WSW 4-7 Sunny",NA
"YRWA",2014-11-11,0,155,"6:25-9:00","Seth","WSW 4-7 Sunny",NA
"ABDU",2014-11-13,0,135,"6:30-8:45","Seth","WNW 1-3 Sunny",NA
"AMCR",2014-11-13,19,135,"6:30-8:45","Seth","WNW 1-3 Sunny",NA
"ATSP",2014-11-13,0,135,"6:30-8:45","Seth","WNW 1-3 Sunny",NA
"BAEA",2014-11-13,0,135,"6:30-8:45","Seth","WNW 1-3 Sunny",NA
"BAOR",2014-11-13,0,135,"6:30-8:45","Seth","WNW 1-3 Sunny",NA
"BLGU",2014-11-13,0,135,"6:30-8:45","Seth","WNW 1-3 Sunny",NA
"BLKI",2014-11-13,0,135,"6:30-8:45","Seth","WNW 1-3 Sunny",NA
"BLSC",2014-11-13,1,135,"6:30-8:45","Seth","WNW 1-3 Sunny",NA
"BOGU",2014-11-13,0,135,"6:30-8:45","Seth","WNW 1-3 Sunny",NA
"BOWA",2014-11-13,0,135,"6:30-8:45","Seth","WNW 1-3 Sunny",NA
"BUFF",2014-11-13,0,135,"6:30-8:45","Seth","WNW 1-3 Sunny",NA
"CATE",2014-11-13,0,135,"6:30-8:45","Seth","WNW 1-3 Sunny",NA
"COEI",2014-11-13,13,135,"6:30-8:45","Seth","WNW 1-3 Sunny",NA
"COGO",2014-11-13,3,135,"6:30-8:45","Seth","WNW 1-3 Sunny",NA
"COGR",2014-11-13,0,135,"6:30-8:45","Seth","WNW 1-3 Sunny",NA
"COLO",2014-11-13,16,135,"6:30-8:45","Seth","WNW 1-3 Sunny",NA
"Calidris sp.",2014-11-13,0,135,"6:30-8:45","Seth","WNW 1-3 Sunny",NA
"DCCO",2014-11-13,7,135,"6:30-8:45","Seth","WNW 1-3 Sunny",NA
"GBHE",2014-11-13,0,135,"6:30-8:45","Seth","WNW 1-3 Sunny",NA
"GRCO",2014-11-13,1,135,"6:30-8:45","Seth","WNW 1-3 Sunny",NA
"HADU",2014-11-13,0,135,"6:30-8:45","Seth","WNW 1-3 Sunny",NA
"LAGU",2014-11-13,0,135,"6:30-8:45","Seth","WNW 1-3 Sunny",NA
"LESC",2014-11-13,0,135,"6:30-8:45","Seth","WNW 1-3 Sunny",NA
"LTDU",2014-11-13,2,135,"6:30-8:45","Seth","WNW 1-3 Sunny",NA
"MERL",2014-11-13,0,135,"6:30-8:45","Seth","WNW 1-3 Sunny",NA
"NOGA",2014-11-13,0,135,"6:30-8:45","Seth","WNW 1-3 Sunny",NA
"NOPI",2014-11-13,0,135,"6:30-8:45","Seth","WNW 1-3 Sunny",NA
"PAJA",2014-11-13,0,135,"6:30-8:45","Seth","WNW 1-3 Sunny",NA
"PEFA",2014-11-13,0,135,"6:30-8:45","Seth","WNW 1-3 Sunny",NA
"PISI",2014-11-13,25,135,"6:30-8:45","Seth","WNW 1-3 Sunny",NA
"RBGU",2014-11-13,0,135,"6:30-8:45","Seth","WNW 1-3 Sunny",NA
"RBME",2014-11-13,1,135,"6:30-8:45","Seth","WNW 1-3 Sunny",NA
"RNGR",2014-11-13,0,135,"6:30-8:45","Seth","WNW 1-3 Sunny",NA
"RTLO",2014-11-13,0,135,"6:30-8:45","Seth","WNW 1-3 Sunny",NA
"RUTU",2014-11-13,0,135,"6:30-8:45","Seth","WNW 1-3 Sunny",NA
"SNBU",2014-11-13,2,135,"6:30-8:45","Seth","WNW 1-3 Sunny",NA
"SSHA",2014-11-13,0,135,"6:30-8:45","Seth","WNW 1-3 Sunny",NA
"SUSC",2014-11-13,0,135,"6:30-8:45","Seth","WNW 1-3 Sunny",NA
"SWSP",2014-11-13,0,135,"6:30-8:45","Seth","WNW 1-3 Sunny",NA
"Scoter sp.",2014-11-13,0,135,"6:30-8:45","Seth","WNW 1-3 Sunny",NA
"UNID",2014-11-13,0,135,"6:30-8:45","Seth","WNW 1-3 Sunny",NA
"WHIM",2014-11-13,0,135,"6:30-8:45","Seth","WNW 1-3 Sunny",NA
"WWSC",2014-11-13,0,135,"6:30-8:45","Seth","WNW 1-3 Sunny",NA
"YBCH",2014-11-13,0,135,"6:30-8:45","Seth","WNW 1-3 Sunny",NA
"YRWA",2014-11-13,0,135,"6:30-8:45","Seth","WNW 1-3 Sunny",NA
