Date,TOTALS,8/21/24,8-22-24,8-23-24,8-24-24,8-25-24,8/28/24,8/29/24,8/30/24,8/31/24,9/2/24,9/3/24,9/5/24,9/6/24,9/7/24,9/9/24,9/10/24,9/11/24,9/12/24,9/13/24,9/14/24,9/16/24,9/17/24,9/18/24,9/19/24,9/20/24,9/22/24,9/23/24,9/24/24,9/25/24,9/26/24,9/27/24,9/28/24,9/29/24,9/30/24,10/1/24,10/2/24,10/3/24,10/4/24,10/5/24,10/6/24,10/7/24,10/8/24,10/9/24,10/10/24,10/11/24,10/12/24,10/13/24,10/14/24,10/15/24,10/16/24,10/17/24,10/18/24,10/19/24,10/20/24,10/21/24,10/22/24,10/23/24,10/24/24,10/25/24,10/26/24,10/27/24,10/28/24,10/29/24,10/30/24,11/1/24,11/2/24,11/3/24,11/4/24,11/5/24,11/6/24,11/07/24,11/8/24,11/9/24,11/10/24,11/12/24,11/13/24,11/14/24,11/15/24,11/16/24,11/17/24,11/18/24,11/19/24,,11/20/24,11/21/24,11/22/24,11/23/24,11/24/24,11/25/24,11/26/24
,,,,,,,,,,,,,,,,,,,,,,,,,,,,,,,,,,,,,,,,,,,,,,,,,,,,,,,,,,,,,,,,,,,,,,,,,,,,,,,,,,,,,,,,,,,
Minutes of Observation,"21,376",300,300,300,300,300,226,300,300,300,300,300,300,300,300,300,300,300,300,300,310,300,300,300,300,300,300,305,300,300,300,270,300,300,300,150,300,300,150,300,300,123,300,180,180,300,300,300,280,270,180,180,165,150,180,240,180,60,300,300,300,300,300,150,132,300,180,150,180,120,240,240,155,120,300,270,150,300,120,180,120,150,120,,150,150,NO COUNT,270,240,60,150
Time(s) of Observation,,513-1013,514-1014,515-1015,516-1016,518-1018,655-1021,522-1022,523-1023,525-1025,527-1027,529-1029,530-630,532-532,533-1033,535-1035,536-1036,537-1037,538-1038,540-1040,541-1051,543-1053,544-1044,545-1045,546-1046,548-1048,550-1050,551-1051,552-1052,554-1054,555-1055,626-1056,557-1057,558-1058,559-1059,600-830,0600-1000,603-1103,604-834,605-1105,607-1107,0906-1123,0609-1109,0600-0900,0600-0900,0613-1113,0615-1115,0615-1115,0637-1117,0618-1048,0617-0917,0620-0920,635-920,635-905,624-924,626-1026,627-927,0630-1115,630-730,631-1131,632-1132,633-1133,635-1135,0630-0900,0638-0850,641-1141,642-942,600-830,544-844,615-815,547-947,0600-1000,549-824,550-750,553-1053,555-1025,0600-0830,608-1108,600-800,634-934,602-802,603-833,604-804,,0600=0830,0600-0830,,639-1109,611-1011,1220-0120,630-900
Principle Observer,,Nick Hoffmann,Nick Hoffmann,Nick Hoffmann,Nick Hoffmann,Nick Hoffmann,Nick Hoffmann,Nick Hoffmann,Nick Hoffmann,Nick Hoffmann,Nick Hoffmann,Nick Hoffmann,Nick Hoffmann,Nick Hoffmann,Nick Hoffmann,Nick hoffmann,Nick Hoffmann,Nick Hoffmann,Nick Hoffmann,Nick Hoffmann,Nick Hoffmann,Nick Hoffmann,Nick Hoffmann,Nick Hoffmann,Nick Hoffmann,Nick Hoffmann,Nick Hoffmann,Nick Hoffmann,Nick Hoffmann,Nick Hoffmann,Nick Hoffmann,Nick Hoffmann,Nick Hoffmann,Nick Hoffmann,Nick Hoffmann,Seth Benz,S. Benz,Nick Hoffmann,Nick Hoffmann,Nick Hoffmann,Nick Hoffmann,Nick Hoffmann,Nick Hoffmann,Seth Benz,Seth Benz,Nick Hoffmann,Nick Hoffmann,Nick Hoffmann,Nick Hoffmann,Nick Hoffmann,Seth Benz,Seth Benz,Nick Hoffmann,Nick Hoffmann,Nick Hoffmann,Nick Hoffmann,Nick Hoffmann,Seth Benz,Nick Hoffmann,Nick Hoffmann,Nick Hoffmann,Nick Hoffmann,Nick Hoffmann,Seth Benz,Nick Hoffmann,Nick Hoffmann,Nick Hoffmann,Nick Hoffmann,Nick Hoffmann,Nick Hoffmann,Nick Hoffmann,Seth Benz,Nick Hoffmann,Nick Hoffmann,Nick Hoffmann,Nick Hoffmann,Seth Benz,Nick Hoffmann,Nick Hoffmann,Nick Hoffmann,Nick Hoffmann,Nick Hoffmann,Nick Hoffmann,,Seth Benz,Seth Benz,,Nick Hoffmann,Nick Hoffmann,Nick Hoffmann,Nick Hoffmann
General Wind Dir/Velocity,,WSW 0mph,SW 2.7 MPH,WNW 7mph,W 2mph,WSW 2mph,SW 4mph,N 3mph,SE 2mph,S 3.5mph,NW 2mph,WNW 1.5-8mph,SW 1.5mph,E 2.5mph,NW 2.5,W 7.5-14,W 2.5,NW 2.5,WSW 1,Calm/SW 2,NNE 2-6,SW 8,Calm,Calm,Calm,NE 4,NE 6,NE 4,NE 3,WNW 2-5,ESE 3-9,WNW 4-7,NNE 2-6,NNE1-2,NW3,NE 2-8,E 2-8,SW 5,ESE 5 - calm,SSE 7,NE 6-8,SE-2,NW 5-9,SE 3-9,,WNW 15-18,W 24,WNW 11,NE 20,NE 20,W 8-20,NW 2-6,N 12,WSW 8,W4,W 9,NNE9,Thick Fog,NW6,NNW14,WSW 8-11,NW 14-20,NW 13-14,NNE 2-6,S 18,SW17,N12,Calm,Calm,SW15,,NNE/N 2-5,SW16-19,NNW9,WSW8-16,NNE 5-9,,NNW 16,NNW18,Calm,Calm,"NW2 temp35-38, seas1",NW16 t41-43 s3,,N/NW 2-6,NNE 5-15,,NNE 18 t43 s3,WNW19-20 t40-45 s4,"NW17, T43, s4","NNW5, Temp 29-37 s1"
Visibility (miles),,Foggy,Clear (Could see Frenchboro),>20mi,>20,15,"foggy, 4",20mi,20mi,20-15mi,20mi,20mi,5-20,19-20,2-15,20,20,20,20,7-9,20,20,5-20,10-19,20,14-20,20,20,20,20,10-20,5-20,5-10,20,20,12,10,20,13-0,20,15,2,20,12,12,20,20,20,12-3,20,10,12,20,20,20,20,20,12-30,20,20,20,20,20,20,15-5,10,20,20,1/19/00,1-4,15,8,16-19,20,20,20,8,20,20,1/19,20,20,20,,10,10,,5-20miles,20,20,20
,TOTALS,,,,,,,,,,,,,,,,,,,,,,,,,,,,,,,,,,,,,,,,,,,,,,,,,,,,,,,,,,,,,,,,,,,,,,,,,,,,,,,,,,,,,,,,,,
SNGO,1,,,,,,,,,,,,,,,,,,,,,,,,,,,,,,,,,,,,,,,,,,,,,,,,,,,,,,,,,,,1,,,,,,,,,,,,,,,,,,,,,,,,,,,,,,,
BRAN,,,,,,,,,,,,,,,,,,,,,,,,,,,,,,,,,,,,,,,,,,,,,,,,,,,,,,,,,,,,,,,,,,,,,,,,,,,,,,,,,,,,,,,,,,,
CACG,,,,,,,,,,,,,,,,,,,,,,,,,,,,,,,,,,,,,,,,,,,,,,,,,,,,,,,,,,,,,,,,,,,,,,,,,,,,,,,,,,,,,,,,,,,
CANG,146,13,,,3,,,20,,,2,,,,,,,2,,,5,,,,,16,,,,,,,,,,1,,10,,,,,,,,2,,29,,,,,,,,,,,,15,,,,,,,,,,,,,,,,,,,,,,,,,,13,,15,,,
CACG/CANG,,,,,,,,,,,,,,,,,,,,,,,,,,,,,,,,,,,,,,,,,,,,,,,,,,,,,,,,,,,,,,,,,,,,,,,,,,,,,,,,,,,,,,,,,,,
WODU,5,,,,,,,,,,,,,,,,,,,,,,,,,,,,,,,,,,,,,,,,,,,,5,,,,,,,,,,,,,,,,,,,,,,,,,,,,,,,,,,,,,,,,,,,,,,
BWTE,,,,,,,,,,,,,,,,,,,,,,,,,,,,,,,,,,,,,,,,,,,,,,,,,,,,,,,,,,,,,,,,,,,,,,,,,,,,,,,,,,,,,,,,,,,
GADW,,,,,,,,,,,,,,,,,,,,,,,,,,,,,,,,,,,,,,,,,,,,,,,,,,,,,,,,,,,,,,,,,,,,,,,,,,,,,,,,,,,,,,,,,,,
AMWI,,,,,,,,,,,,,,,,,,,,,,,,,,,,,,,,,,,,,,,,,,,,,,,,,,,,,,,,,,,,,,,,,,,,,,,,,,,,,,,,,,,,,,,,,,,
MALL,6,,,,1,,,,,,,,,,1,,,,,,,,,,,,,,,,,,,,,,,,,,1,,,,,,1,1,1,,,,,,,,,,,,,,,,,,,,,,,,,,,,,,,,,,,,,,,,,,
ABDU,196,1,,,2,,,,,,,,,,,,,1,2,2,2,,1,1,,,,,,,1,,,,,,,3,,,,,,,,7,11,20,56,5,8,1,,,,,,,1,,36,,1,5,10,8,,3,,,,1,,,,,2,5,,,,,,,,,,,,,
MALLxABDU,,,,,,,,,,,,,,,,,,,,,,,,,,,,,,,,,,,,,,,,,,,,,,,,,,,,,,,,,,,,,,,,,,,,,,,,,,,,,,,,,,,,,,,,,,,
NOPI,1,,,,,,,,,,,,,,,,,,,,,,,,,,,,,,,,,,,,,,,,,,,,,,1,,,,,,,,,,,,,,,,,,,,,,,,,,,,,,,,,,,,,,,,,,,,
GWTE,58,,,,,,,,,,,,,,,,1,,5,1,1,,,,,,,,,,,,,,8,,2,,,,,,,,,4,9,6,7,,,,,1,,,1,,,,2,,9,,,1,,,,,,,,,,,,,,,,,,,,,,,,,
Anas sp.,61,,,1,,,,2,,,,,,,,,,,,,2,,,,,,,,,,,,,1,,,,,,,,,,,,1,5,,30,3,,,3,10,,1,,,,,2,,,,,,,,,,,,,,,,,,,,,,,,,,,,,,
RNDU,,,,,,,,,,,,,,,,,,,,,,,,,,,,,,,,,,,,,,,,,,,,,,,,,,,,,,,,,,,,,,,,,,,,,,,,,,,,,,,,,,,,,,,,,,,
GRSC,7,,,,,,,,,,,,,,,,,,,,,,,,,,,,,,,,,,,,,,,,,,,,,,,1,,,6,,,,,,,,,,,,,,,,,,,,,,,,,,,,,,,,,,,,,,,,
LESC,,,,,,,,,,,,,,,,,,,,,,,,,,,,,,,,,,,,,,,,,,,,,,,,,,,,,,,,,,,,,,,,,,,,,,,,,,,,,,,,,,,,,,,,,,,
Scaup sp.,,,,,,,,,,,,,,,,,,,,,,,,,,,,,,,,,,,,,,,,,,,,,,,,,,,,,,,,,,,,,,,,,,,,,,,,,,,,,,,,,,,,,,,,,,,
COEI,"4,980",18,27,80,131,67,7,7,24,42,13,10,28,10,19,8,12,27,42,62,64,46,13,25,42,80,52,30,47,106,14,12,70,64,35,51,280,205,36,46,98,186,195,257,54,47,36,334,117,186,211,198,14,60,71,38,9,,107,51,209,47,40,89,25,67,26,15,36,,,93,15,5,,35,8,,,3,,2,,,11,,,4,,6,23
HADU,7,,,,,,,,,,,,,,,,,,,,,,,,,,,,,,,,,,,,,,,,,,,,,,,,,,,,,,,,,,,,,,,,,4,,,3,,,,,,,,,,,,,,,,,,,,,,
SUSC,"2,419",,3,2,,,,7,4,4,,3,1,9,,,5,6,8,7,26,1,1,2,17,14,2,23,8,30,49,7,11,41,50,93,377,118,12,22,5,39,5,139,20,90,232,200,325,70,39,18,,10,1,8,,,,4,69,45,14,3,92,9,,3,,,,,16,,,,,,,,,,,,,,,,,,
WWSC,625,1,,,,,,,4,,3,3,,,,,3,,8,1,3,,,,1,,,,12,9,50,4,1,4,10,1,9,1,12,20,8,26,1,6,2,15,175,51,9,40,6,2,,2,,31,14,,,2,5,6,10,5,10,2,4,18,1,,4,2,,,2,,1,,1,1,,,,,,,,,1,,2
BLSC,526,,,,11,,,,1,2,,1,,,,,,,,2,3,,,,,,,1,,1,,,,,,,2,,1,17,5,39,2,,2,6,,4,85,21,3,12,,,,1,,,14,6,93,,17,44,37,,,,,5,,15,7,8,,2,7,,,10,1,5,,,14,17,,2,,,
BLSC/SUSC,"2,781",,,,,2,,27,,,,2,1,,,,4,7,2,2,,3,1,3,,14,4,5,2,21,8,3,12,56,24,,,32,8,10,1,258,,,,72,320,146,"1,160",62,,,11,,3,17,9,,32,5,222,42,46,,16,1,30,24,6,,1,,9,,,,9,3,7,2,,,7,,,,,,7,,
SC sp.,"1,192",3,,,,4,,,,,1,,,2,,,,1,12,,,,,,,4,,4,,,10,,1,8,6,30,20,,,,,,3,24,6,12,79,59,495,53,26,30,,,2,6,20,,3,,178,13,31,12,4,,,2,,,,25,,,,,,,,,,,,,,,,,,,3
LTDU,355,,,,,,,,,,,,,,,,,,,,,,,,,,,,,,,,,,,,,1,,,,,,,,,,2,,,1,4,,1,,,2,,2,3,33,12,52,40,46,7,5,9,17,,,17,16,3,6,6,12,8,7,19,3,,1,,6,,,5,5,,4
BUFF,4,,,,,,,,,,,,,,,,,,,,,,,,,,,,,,,,,,,,,,,,,,,,,,,,,,,,,,,,,,,,,,,3,,1,,,,,,,,,,,,,,,,,,,,,,,,,
COGO,,,,,,,,,,,,,,,,,,,,,,,,,,,,,,,,,,,,,,,,,,,,,,,,,,,,,,,,,,,,,,,,,,,,,,,,,,,,,,,,,,,,,,,,,,,
HOME,,,,,,,,,,,,,,,,,,,,,,,,,,,,,,,,,,,,,,,,,,,,,,,,,,,,,,,,,,,,,,,,,,,,,,,,,,,,,,,,,,,,,,,,,,,
COME,72,,,,,,,,,,,,,,,,,,,,,,,,,,,,,,,,,32,40,,,,,,,,,,,,,,,,,,,,,,,,,,,,,,,,,,,,,,,,,,,,,,,,,,,,,,,,
RBME,521,,,,,,,,,,,,,,,,1,3,,,,,,,,,,,,,,,,,,2,,1,,,,,,2,2,10,137,55,17,7,24,47,4,3,14,,2,,1,9,30,12,35,21,17,6,,6,11,,2,6,,,,,12,16,,,,,,,2,2,,,2,,
COME/RBME,22,,,,,,,,,,,,,,,,,,,,,,,,,,,,,,,,,,,,,,7,,,,,,,,,,,,,,,,,,,,,,,,,,15,,,,,,,,,,,,,,,,,,,,,,,,,,
Duck sp.,"1,402",,10,,33,1,3,12,2,,1,1,,,,1,1,13,10,6,12,,1,3,14,18,12,1,21,15,5,6,4,26,,12,7,30,2,33,11,2,,40,8,26,43,68,283,7,1,7,17,3,6,18,22,,20,83,95,35,99,27,5,40,,10,4,,,19,,9,13,17,,25,1,,,,,,,,,2,2,,18
Waterfowl sp.,26,,,,,,,,,,,,,,,,,,,,,,,,,,,,,,,,,,,,,,,,,,,,,,,,,,,,26,,,,,,,,,,,,,,,,,,,,,,,,,,,,,,,,,,,,,,
HOGR,,,,,,,,,,,,,,,,,,,,,,,,,,,,,,,,,,,,,,,,,,,,,,,,,,,,,,,,,,,,,,,,,,,,,,,,,,,,,,,,,,,,,,,,,,,
RNGR,23,,,,,,,,,,,,,,,,,,,,,1,,,,,,,,,,1,2,,,,,,,,4,,,,1,,,1,,1,,1,,,,,,,3,,,,,,,,,,,,1,,,,,,,1,1,,,1,,,,,,,1,,3
,,,,,,,,,,,,,,,,,,,,,,,,,,,,,,,,,,,,,,,,,,,,,,,,,,,,,,,,,,,,,,,,,,,,,,,,,,,,,,,,,,,,,,,,,,,
CHSW,1,1,,,,,,,,,,,,,,,,,,,,,,,,,,,,,,,,,,,,,,,,,,,,,,,,,,,,,,,,,,,,,,,,,,,,,,,,,,,,,,,,,,,,,,,,,
,,,,,,,,,,,,,,,,,,,,,,,,,,,,,,,,,,,,,,,,,,,,,,,,,,,,,,,,,,,,,,,,,,,,,,,,,,,,,,,,,,,,,,,,,,,
RTHU,6,1,,,,1,,,,,1,1,,1,,,,1,,,,,,,,,,,,,,,,,,,,,,,,,,,,,,,,,,,,,,,,,,,,,,,,,,,,,,,,,,,,,,,,,,,,,,,,,
,,,,,,,,,,,,,,,,,,,,,,,,,,,,,,,,,,,,,,,,,,,,,,,,,,,,,,,,,,,,,,,,,,,,,,,,,,,,,,,,,,,,,,,,,,,
AMOY,1,1,,,,,,,,,,,,,,,,,,,,,,,,,,,,,,,,,,,,,,,,,,,,,,,,,,,,,,,,,,,,,,,,,,,,,,,,,,,,,,,,,,,,,,,,,
BBPL,9,,,,,,,,,,,,,,,,,,1,,,,,,,,,,1,,1,,,,1,,5,,,,,,,,,,,,,,,,,,,,,,,,,,,,,,,,,,,,,,,,,,,,,,,,,,,,,,
AGPL,,,,,,,,,,,,,,,,,,,,,,,,,,,,,,,,,,,,,,,,,,,,,,,,,,,,,,,,,,,,,,,,,,,,,,,,,,,,,,,,,,,,,,,,,,,
KILL,1,,,,,,,,,,,,,,,,,,,,,,,,,1,,,,,,,,,,,,,,,,,,,,,,,,,,,,,,,,,,,,,,,,,,,,,,,,,,,,,,,,,,,,,,,,,
SEPL,25,,,,,1,4,2,,1,2,,1,1,,,1,,2,1,4,,,1,,,,,1,,,,,,1,,,,,,1,,,,1,,,,,,,,,,,,,,,,,,,,,,,,,,,,,,,,,,,,,,,,,,,,,,
WHIM,12,,,1,,6,,,,2,1,,,,1,,,1,,,,,,,,,,,,,,,,,,,,,,,,,,,,,,,,,,,,,,,,,,,,,,,,,,,,,,,,,,,,,,,,,,,,,,,,,
SBDO,1,1,,,,,,,,,,,,,,,,,,,,,,,,,,,,,,,,,,,,,,,,,,,,,,,,,,,,,,,,,,,,,,,,,,,,,,,,,,,,,,,,,,,,,,,,,
SBDO/LBDO,1,1,,,,,,,,,,,,,,,,,,,,,,,,,,,,,,,,,,,,,,,,,,,,,,,,,,,,,,,,,,,,,,,,,,,,,,,,,,,,,,,,,,,,,,,,,
AMWO,2,,,,,,,,,,,,,,,,,,,,,,,,,,,,,,,,,,,,,,,,,,,,,,,,,,,,,1,,,,,,,,,,,,,,,,,,,,,1,,,,,,,,,,,,,,,,
SPSA,23,1,1,1,4,2,,1,,3,2,1,1,,,,1,1,1,,1,,,,,,,1,,1,,,,,,,,,,,,,,,,,,,,,,,,,,,,,,,,,,,,,,,,,,,,,,,,,,,,,,,,,,,,,
LEYE,3,1,,,,,,1,,,,1,,,,,,,,,,,,,,,,,,,,,,,,,,,,,,,,,,,,,,,,,,,,,,,,,,,,,,,,,,,,,,,,,,,,,,,,,,,,,,,
GRYE,7,,,,,,,,2,,1,,,,,,,,1,,,,,1,1,,,,,,,,,,1,,,,,,,,,,,,,,,,,,,,,,,,,,,,,,,,,,,,,,,,,,,,,,,,,,,,,,,,
WISN,3,,,,,,,,,,,,,,,,,,,,,,,,,,,,,,,,,,,,,,,,,,,,,,,,3,,,,,,,,,,,,,,,,,,,,,,,,,,,,,,,,,,,,,,,,,,
RUTU,1,,,,,,,,,,,,,,1,,,,,,,,,,,,,,,,,,,,,,,,,,,,,,,,,,,,,,,,,,,,,,,,,,,,,,,,,,,,,,,,,,,,,,,,,,,,
Dunlin,,,,,,,,,,,,,,,,,,,,,,,,,,,,,,,,,,,,,,,,,,,,,,,,,,,,,,,,,,,,,,,,,,,,,,,,,,,,,,,,,,,,,,,,,,,
PUSA,33,,,,,,,,,,,,,,,,,,,,,,,,,,,,,,,,,,,,,,,,,,,,,,,,,,,,,,,,,,,,,,,,,,,,,,,,,,,1,,4,5,3,,,,,,,,20,,,
BASA,,,,,,,,,,,,,,,,,,,,,,,,,,,,,,,,,,,,,,,,,,,,,,,,,,,,,,,,,,,,,,,,,,,,,,,,,,,,,,,,,,,,,,,,,,,
WRSA,,,,,,,,,,,,,,,,,,,,,,,,,,,,,,,,,,,,,,,,,,,,,,,,,,,,,,,,,,,,,,,,,,,,,,,,,,,,,,,,,,,,,,,,,,,
SAND,9,,,,,,,,,,,,,,,1,1,2,4,1,,,,,,,,,,,,,,,,,,,,,,,,,,,,,,,,,,,,,,,,,,,,,,,,,,,,,,,,,,,,,,,,,,,,,,,
LESA,52,10,5,12,1,1,1,2,3,4,3,2,3,1,1,,,,1,1,1,,,,,,,,,,,,,,,,,,,,,,,,,,,,,,,,,,,,,,,,,,,,,,,,,,,,,,,,,,,,,,,,,,,,,,
SESA,14,,,5,,,,,,,1,,,,1,,,,,,,,,,,,,,,7,,,,,,,,,,,,,,,,,,,,,,,,,,,,,,,,,,,,,,,,,,,,,,,,,,,,,,,,,,,,,
Peep sp.,80,,6,2,5,4,2,26,2,,,3,,,,,,,,,,,,,,,,,,30,,,,,,,,,,,,,,,,,,,,,,,,,,,,,,,,,,,,,,,,,,,,,,,,,,,,,,,,,,,,,
Shorebird sp.,86,33,3,,,11,,6,4,,2,1,,,,,,,1,12,10,,1,2,,,,,,,,,,,,,,,,,,,,,,,,,,,,,,,,,,,,,,,,,,,,,,,,,,,,,,,,,,,,,,,,,,,
,,,,,,,,,,,,,,,,,,,,,,,,,,,,,,,,,,,,,,,,,,,,,,,,,,,,,,,,,,,,,,,,,,,,,,,,,,,,,,,,,,,,,,,,,,,
LTJA,,,,,,,,,,,,,,,,,,,,,,,,,,,,,,,,,,,,,,,,,,,,,,,,,,,,,,,,,,,,,,,,,,,,,,,,,,,,,,,,,,,,,,,,,,,
PAJA,11,,,,,,,,,,,,,,,,,,,,,,,,,1,,,,,,,,,1,,,,,,1,,4,,,,,1,,,,,,,,1,,,,,,,,,,,,,1,,1,,,,,,,,,,,,,,,,,,,,
POJA,1,,,,,,,,,,,,,,,,,,,,,,,,,,,,,,,,,,,,,,,,,,,,,,,,1,,,,,,,,,,,,,,,,,,,,,,,,,,,,,,,,,,,,,,,,,,
Jaeger sp.,4,,,,,,,,,,,,,,,,,,,,,,,,,,,,,,,,,,,,,,1,,,,,,,,,,,,,,,,,1,,,,,,,,,,,,,,,1,1,,,,,,,,,,,,,,,,,,,
,,,,,,,,,,,,,,,,,,,,,,,,,,,,,,,,,,,,,,,,,,,,,,,,,,,,,,,,,,,,,,,,,,,,,,,,,,,,,,,,,,,,,,,,,,,
BLGU,164,6,6,1,4,6,,,1,3,,1,,,1,,2,2,15,,,7,3,,4,,,2,,2,1,,5,7,1,,,3,,,,,1,,1,2,2,10,,1,,,,,1,6,,,,,1,1,2,2,,3,2,,,,,,5,,,1,3,2,4,3,2,7,1,,,1,,,8,,9
RAZO,19,,,,,,,,,,,,,,,,,,,,,,,,,,,,,,,,,,,,,,,,,,,,,,,,,,,,,,,,,,,,,,,,,,,,,,3,,,,,,2,,,1,3,1,,,,,,8,1,,
DOVE,3,,,,,,,,,,,,,,,,,,,,,,,,,,,,,,,,,,,,,,,,,,,,,1,,,,,,,,,,,,,,,,,,,,,,,,,,,,,,,,,,,,,,,,,,,2,,
TBMU/COMU,2,,,,,,,,,,,,,,,,,,,,,,,,,,,,,,,,,,,,,,,,,,,,,,,,,,,,,,,,,,,,,,,,,,,,,,,,,,,,,,,2,,,,,,,,,,,
COMU,1,,,,,,,,,,,,,,,,,,,,,,,,,,,,,,,,,,,,,,,,,,,,,,,1,,,,,,,,,,,,,,,,,,,,,,,,,,,,,,,,,,,,,,,,,,,
Alcid sp.,16,,,,2,,,,,,,,,2,,,,,,,,,,,,,,,,,,,,,1,,,,,,,,,,,1,,1,,1,,1,,,,,,,,,,,,,,,,,,,1,,,,,1,,,,3,,,2,,,,,,,,
Large Alcid,3,,,,,,,,,,,,,,,,,,,,,,,,,,,,,,,,,,,,,,,,,,,,,,,,,,,,,,,,,,,,,,,,,,,,,,,,,,,,,,,,,,,,,,,,2,,1
BLKI,63,,,,,,,,,,,,,,,,,,,,,,,,,,,,,,,,,,,,,,,,,,,,,,,,,,,,,,,,,,,,,,,,1,,2,4,1,,16,,3,2,,,,2,,4,,,2,,,1,,6,18,,1
BOGU,6,1,3,,,,,1,,1,,,,,,,,,,,,,,,,,,,,,,,,,,,,,,,,,,,,,,,,,,,,,,,,,,,,,,,,,,,,,,,,,,,,,,,,,,,,,,,,,
LAGU,155,9,6,6,5,3,5,4,9,7,8,10,9,5,1,1,5,3,11,4,4,4,2,15,5,9,,,,1,1,,,,2,,,,,,,,,,,,,1,,,,,,,,,,,,,,,,,,,,,,,,,,,,,,,,,,,,,,,,,,,
RBGU,403,,3,8,7,1,,6,3,11,2,7,1,7,5,8,5,3,4,7,15,10,2,9,6,13,5,2,3,10,13,8,4,5,6,9,6,7,2,,6,,8,4,2,18,11,8,6,9,9,3,,,,,,,,,,,,,9,,,2,4,5,,12,19,5,1,7,4,2,1,,1,,3,,4,4,,7,6,,
HERG,,,,,,,,,,,,,,,,,,,,,,,,,,,,,,,,,,,,,,,,,,,,,,,,,,,,,,,,,,,,,,,,,,,,,,,,,,,,,,,,,,,,,,,,,,,
GBBG,,,,,,,,,,,,,,,,,,,,,,,,,,,,,,,,,,,,,,,,,,,,,,,,,,,,,,,,,,,,,,,,,,,,,,,,,,,,,,,,,,,,,,,,,,,
LBBG,11,,,,,,,,,,1,,,,,,1,,,,,3,2,2,1,1,,,,,,,,,,,,,,,,,,,,,,,,,,,,,,,,,,,,,,,,,,,,,,,,,,,,,,,,,,,,,,,,,
ICGU,,,,,,,,,,,,,,,,,,,,,,,,,,,,,,,,,,,,,,,,,,,,,,,,,,,,,,,,,,,,,,,,,,,,,,,,,,,,,,,,,,,,,,,,,,,
WW Gull,,,,,,,,,,,,,,,,,,,,,,,,,,,,,,,,,,,,,,,,,,,,,,,,,,,,,,,,,,,,,,,,,,,,,,,,,,,,,,,,,,,,,,,,,,,
Gull Sp.,41,1,10,5,1,2,,7,4,,,,3,2,,,2,,,,,,,,,,,,,,,3,,,,,,,,,,,,,,,,,,1,,,,,,,,,,,,,,,,,,,,,,,,,,,,,,,,,,,,,,,,,
CATE,62,,,6,,,,,2,3,1,4,3,3,,2,7,3,2,5,,2,2,,1,3,,,,,2,,9,,,,,,,,,,,,,,,,2,,,,,,,,,,,,,,,,,,,,,,,,,,,,,,,,,,,,,,,,,,
COTE,2,,2,,,,,,,,,,,,,,,,,,,,,,,,,,,,,,,,,,,,,,,,,,,,,,,,,,,,,,,,,,,,,,,,,,,,,,,,,,,,,,,,,,,,,,,,
Sterna sp.,1,,,,1,,,,,,,,,,,,,,,,,,,,,,,,,,,,,,,,,,,,,,,,,,,,,,,,,,,,,,,,,,,,,,,,,,,,,,,,,,,,,,,,,,,,,,
,,,,,,,,,,,,,,,,,,,,,,,,,,,,,,,,,,,,,,,,,,,,,,,,,,,,,,,,,,,,,,,,,,,,,,,,,,,,,,,,,,,,,,,,,,,
RTLO,192,,,,,,,,,,,,,,,,,,,,,,,,,,,,,,,,1,,,,1,,,,,,,,,,,2,1,4,2,,1,1,,1,,,,2,24,8,5,36,8,16,2,3,3,2,,12,1,3,9,22,8,2,2,,,,,,1,2,,6,1,,
PALO,,,,,,,,,,,,,,,,,,,,,,,,,,,,,,,,,,,,,,,,,,,,,,,,,,,,,,,,,,,,,,,,,,,,,,,,,,,,,,,,,,,,,,,,,,,
COLO,"1,366",7,4,3,2,3,,9,5,5,3,9,7,5,8,2,4,21,17,18,55,13,5,8,10,43,16,11,16,11,4,3,5,12,21,27,27,4,6,9,5,3,14,23,42,30,57,115,29,37,25,49,6,44,9,8,4,,25,31,76,17,22,31,27,20,14,3,11,2,,38,6,,8,27,8,7,18,5,3,1,3,,2,5,,4,3,,11
LO sp.,23,,,,,,,,,,,,,,,,,,,,,,,,,,,,,,,,,,,,,,,,,,,,,1,2,,,1,,,,,,,,,,,,5,6,,,,,,,,,,,,,,2,,2,,1,,,,,,,2,1,,
,,,,,,,,,,,,,,,,,,,,,,,,,,,,,,,,,,,,,,,,,,,,,,,,,,,,,,,,,,,,,,,,,,,,,,,,,,,,,,,,,,,,,,,,,,,
WISP,1,1,,,,,,,,,,,,,,,,,,,,,,,,,,,,,,,,,,,,,,,,,,,,,,,,,,,,,,,,,,,,,,,,,,,,,,,,,,,,,,,,,,,,,,,,,
,,,,,,,,,,,,,,,,,,,,,,,,,,,,,,,,,,,,,,,,,,,,,,,,,,,,,,,,,,,,,,,,,,,,,,,,,,,,,,,,,,,,,,,,,,,
GRSH,1,,,,,,1,,,,,,,,,,,,,,,,,,,,,,,,,,,,,,,,,,,,,,,,,,,,,,,,,,,,,,,,,,,,,,,,,,,,,,,,,,,,,,,,,,,,
Manx SH,1,,,,,,,,,,,,,,,,,,,,,,,,,,,,,,,,,,,,,,,,,,,,,,,,,,,,,,,,,,,,,,,,,,,,,,1,,,,,,,,,,,,,,,,,,,,
NOGA,"4,335",4,6,4,5,3,3,48,,4,24,63,18,15,47,399,324,47,52,2,38,54,62,46,15,15,23,35,16,18,9,23,10,30,16,12,27,12,7,78,75,7,282,170,344,199,135,87,30,241,130,28,,,,,24,2,,,,,,43,36,380,27,15,69,4,7,316,9,5,4,29,6,,1,,,1,2,,,,,4,2,3,4
,,,,,,,,,,,,,,,,,,,,,,,,,,,,,,,,,,,,,,,,,,,,,,,,,,,,,,,,,,,,,,,,,,,,,,,,,,,,,,,,,,,,,,,,,,,
GRCO,262,,3,,,1,1,4,,,7,1,11,14,1,1,17,26,2,55,11,,7,3,1,7,,3,,1,1,1,3,2,1,2,1,,,1,2,4,2,2,4,,,1,1,2,4,,,,,,2,,1,8,4,1,1,9,,10,,,2,,,2,,,,1,2,,,,,,,,,6,,1,,,1
DCCO,"16,048",17,196,38,130,104,10,426,153,67,61,75,146,336,3,1,137,164,247,535,393,51,22,27,108,1083,197,97,168,13,9,76,13,184,122,348,578,122,,9,99,3,1107,367,100,425,403,507,623,1304,141,552,258,70,65,42,119,,120,715,690,159,228,659,,31,115,100,142,49,,32,287,,43,17,5,,,,,5,,,,,,,,,
CO sp.,76,,,,,,,,,2,4,,2,3,1,1,1,2,,,20,,5,,,,2,,,,,,1,,,,,,,,3,,,,,,2,,,,,,,,,,,,2,20,,,,,,,,,,,,,,,,3,,1,1,,,,,,,,,,,,
,,,,,,,,,,,,,,,,,,,,,,,,,,,,,,,,,,,,,,,,,,,,,,,,,,,,,,,,,,,,,,,,,,,,,,,,,,,,,,,,,,,,,,,,,,,
GBHE,34,1,,,2,,,,,,,,,,,,,,2,1,,,,,,,,,,,,,,,,,,,,,,,,,,6,,8,7,7,,,,,,,,,,,,,,,,,,,,,,,,,,,,,,,,,,,,,,,,,
,,,,,,,,,,,,,,,,,,,,,,,,,,,,,,,,,,,,,,,,,,,,,,,,,,,,,,,,,,,,,,,,,,,,,,,,,,,,,,,,,,,,,,,,,,,
Duck/Alcid/Loon sp.,8,,1,,,,,,,,1,,,,,,,,,,,,,,1,,1,,,4,,,,,,,,,,,,,,,,,,,,,,,,,,,,,,,,,,,,,,,,,,,,,,,,,,,,,,,,,,,,,
Waterbird sp.,186,,1,20,,,,,7,,,,,,,,,2,,,,,,,,20,9,,,,,,,,,,,,,,,,,,,,,,,,,,42,,,,37,,,48,,,,,,,,,,,,,,,,,,,,,,,,,,,,,,,
,,,,,,,,,,,,,,,,,,,,,,,,,,,,,,,,,,,,,,,,,,,,,,,,,,,,,,,,,,,,,,,,,,,,,,,,,,,,,,,,,,,,,,,,,,,
TUVU,1,,,,,,,,,,,,,,,,,,,,,,,,,,,,,,,,,,,,,,,,,,,,,,,,,1,,,,,,,,,,,,,,,,,,,,,,,,,,,,,,,,,,,,,,,,,
Osprey,15,,,1,1,,,1,,,1,1,,,,,1,,,,,,,,,,,,,1,,,3,,,,,1,,1,,,,,1,1,,1,,,,,,,,,,,,,,,,,,,,,,,,,,,,,,,,,,,,,,,,,,,
NOHA,9,,,,1,,,,,,,,,,,,1,1,,2,,,,1,,,,,,,,,,,,,,,,,1,,,,,,,,1,,,,,,,,,,,,,,,,,,1,,,,,,,,,,,,,,,,,,,,,,,,
SSHA,8,,,,1,,,,,,2,1,,,,,,,1,,1,,,,,,,,,,,,,,,,,,,,,,,,,,,1,,,,,,,,,,,,,,,,,,,,,,,,,,,,1,,,,,,,,,,,,,,,
COHA,1,,,,,,,,,,,,,,,,,,,,,,,,,,,,,,,,,,,,,,,,,,,,,,,,,1,,,,,,,,,,,,,,,,,,,,,,,,,,,,,,,,,,,,,,,,,
AGOS,2,,,,,,,,,,,,,,,,,,,,,,,,,,,,,,,,,,,,,,,,,,,,,,,1,,,1,,,,,,,,,,,,,,,,,,,,,,,,,,,,,,,,,,,,,,,,
Accip. sp.,1,,,,,,,1,,,,,,,,,,,,,,,,,,,,,,,,,,,,,,,,,,,,,,,,,,,,,,,,,,,,,,,,,,,,,,,,,,,,,,,,,,,,,,,,,,,
BAEA,59,,,,,1,,3,1,1,1,1,1,1,1,1,,1,2,1,2,1,,2,2,,2,1,2,1,1,1,2,1,1,2,2,,2,1,,1,,,2,,1,2,,2,,1,,,,,2,,,,,,1,,,,1,,,,,,,,1,,,1,1,,1,,,,,,,,,,
UNID. Raptor,1,,,,,,,1,,,,,,,,,,,,,,,,,,,,,,,,,,,,,,,,,,,,,,,,,,,,,,,,,,,,,,,,,,,,,,,,,,,,,,,,,,,,,,,,,,,
SE OWL,1,,,,,,,,,,,,,,,,,,,,,,,,,,,,,,,,,,,,,,,,,,,,,,,,1,,,,,,,,,,,,,,,,,,,,,,,,,,,,,,,,,,,,,,,,,,
BEKI,5,,,,1,,,1,,,,,,,,1,,,1,,1,,,,,,,,,,,,,,,,,,,,,,,,,,,,,,,,,,,,,,,,,,,,,,,,,,,,,,,,,,,,,,,,,,,,,,
,,,,,,,,,,,,,,,,,,,,,,,,,,,,,,,,,,,,,,,,,,,,,,,,,,,,,,,,,,,,,,,,,,,,,,,,,,,,,,,,,,,,,,,,,,,
DOWO,11,,,,,,,,,,,,,,,,,,,,,,,,1,,,,,,,,,1,1,,,1,,,,,,,,1,,1,,,,,1,,,1,1,,,,1,,1,,,,,,,,,,,,,,,,,,,,,,,,,,,,
HAWO,14,,,,,1,,,,,,,,,,,,,,,1,,1,,,,,,,,,,,,1,,,,,1,,,1,,,,,,,,,1,1,,,,1,,1,2,,,1,,,,1,,,,,,,,,,,,,,,,,,,,,,,,
PIWO,10,,,1,,,,1,1,1,,1,,,,,1,,,2,1,,,1,,,,,,,,,,,,,,,,,,,,,,,,,,,,,,,,,,,,,,,,,,,,,,,,,,,,,,,,,,,,,,,,,,,
NOFL,35,1,,1,1,,,1,,1,1,1,,1,,,1,1,1,1,2,,1,1,1,1,2,1,1,1,,1,1,2,1,,2,1,,,1,,1,,,,,,,,,,,,1,,,,,,,,,1,,,,,,,,,,,,,,,,,,,,,,,,,,,
Woodpecker sp.,1,,,,,,,,,,,,,,,,,,,,,,,,,,,,,,,,1,,,,,,,,,,,,,,,,,,,,,,,,,,,,,,,,,,,,,,,,,,,,,,,,,,,,,,,,,,
,,,,,,,,,,,,,,,,,,,,,,,,,,,,,,,,,,,,,,,,,,,,,,,,,,,,,,,,,,,,,,,,,,,,,,,,,,,,,,,,,,,,,,,,,,,
AMKE,2,,,1,,,,,,,,,,,,,,,,,,,,,,,,,,,,,,,,,,,,,,,,,,,,,,,,1,,,,,,,,,,,,,,,,,,,,,,,,,,,,,,,,,,,,,,,
MERL,45,,,,,,,1,2,,1,1,,2,,,1,1,2,2,2,,1,1,1,2,1,1,1,1,,,,,,1,1,,,,1,1,2,1,,1,1,1,1,1,2,,,1,,1,,,,1,,,1,,,,,,2,,,,,1,,,,,,,,,,,,,,,,,
PEFA,9,,,,,,,,,,,,,,,,,,,,,,1,,,,,,,,,,1,,,,,,,1,1,,,1,,,,1,2,,,,1,,,,,,,,,,,,,,,,,,,,,,,,,,,,,,,,,,,,,,
,,,,,,,,,,,,,,,,,,,,,,,,,,,,,,,,,,,,,,,,,,,,,,,,,,,,,,,,,,,,,,,,,,,,,,,,,,,,,,,,,,,,,,,,,,,
EAPH,3,,,,,,,,,,,,,,,,,,,,,,,,,,,,,,,,,,1,,,,,,1,1,,,,,,,,,,,,,,,,,,,,,,,,,,,,,,,,,,,,,,,,,,,,,,,,,
,,,,,,,,,,,,,,,,,,,,,,,,,,,,,,,,,,,,,,,,,,,,,,,,,,,,,,,,,,,,,,,,,,,,,,,,,,,,,,,,,,,,,,,,,,,
REVI,5,,,,,1,,,1,,,,,,,,,,,,,,,,1,,,1,,,,,1,,,,,,,,,,,,,,,,,,,,,,,,,,,,,,,,,,,,,,,,,,,,,,,,,,,,,,,,,,
REVI/PHVI,1,,,,,,,,,,,,,,,,,,,1,,,,,,,,,,,,,,,,,,,,,,,,,,,,,,,,,,,,,,,,,,,,,,,,,,,,,,,,,,,,,,,,,,,,,,,
,,,,,,,,,,,,,,,,,,,,,,,,,,,,,,,,,,,,,,,,,,,,,,,,,,,,,,,,,,,,,,,,,,,,,,,,,,,,,,,,,,,,,,,,,,,
BLJA,178,,,1,,,,,1,,,1,,,,1,1,2,1,10,6,2,16,34,27,1,14,1,2,1,,3,,3,3,,,4,,1,1,,1,,,,,30,,3,,,1,,,1,1,,1,2,,,1,,,,,,,,,,,,,,,,,,,,,,,,,,,,
AMCR,297,2,1,5,2,4,4,4,2,,1,2,7,2,5,,1,2,1,1,4,,3,4,,2,2,5,3,1,,2,1,3,6,,1,2,4,6,1,,2,3,1,1,1,4,5,5,,4,10,4,3,6,7,,13,3,10,1,14,8,1,2,4,5,5,,2,8,6,4,3,2,9,7,,3,6,5,6,,,5,,,7,2,4
CORA,69,,,,2,1,1,1,,2,1,3,1,1,1,2,2,,2,,1,,,1,,1,1,,,,1,,,,,1,,,,2,1,,,1,1,,2,1,2,2,,1,1,2,,,1,,1,2,2,,,1,2,2,1,1,2,,1,1,1,,1,1,,,2,1,1,1,,,,1,,,,,1
,,,,,,,,,,,,,,,,,,,,,,,,,,,,,,,,,,,,,,,,,,,,,,,,,,,,,,,,,,,,,,,,,,,,,,,,,,,,,,,,,,,,,,,,,,,
BCCH,165,1,,,,,,1,,2,,,,,,,,,1,,2,2,4,4,5,1,2,3,2,2,,6,1,3,3,,2,3,,2,3,1,1,,,2,,2,,7,,2,2,1,2,2,4,,20,2,3,,4,,,2,4,3,6,,2,,,1,2,2,,,5,4,3,13,2,,,,,4,,1,1
TUTI,1,,,,,,,,,,,,,,,,,,,,,,,,,,,,,,,,,,,,,1,,,,,,,,,,,,,,,,,,,,,,,,,,,,,,,,,,,,,,,,,,,,,,,,,,,,,
HOLA,11,,,,,,,,,,,,,,,,,,,,,,,,,,,,,,,,,,,,,,,,,,,,,,,,,,,,,,,,1,,1,1,,,2,,,,3,,,,,,,1,,,,2,,,,,,,,,,,,,
BARS,1,,,,1,,,,,,,,,,,,,,,,,,,,,,,,,,,,,,,,,,,,,,,,,,,,,,,,,,,,,,,,,,,,,,,,,,,,,,,,,,,,,,,,,,,,,,
CAVE SW,11,,,,,,,,,,,,,,,,,,,,,,,,,,,,,,,,,,,,,,,,,,,,,,,,,,,,,,,,,,,,,,,,,,,,,,,,,1,7,3,,,,,,,,,,,,,,,
RCKI,5,,,,,,,,,,,,,,,,,,,,,,,,,,1,,,,,,1,,,,,,,,,1,,,,,,,1,,,1,,,,,,,,,,,,,,,,,,,,,,,,,,,,,,,,,,,,,,,
GCKI,136,,2,,2,1,1,2,3,,,,1,3,,,1,,,1,,1,1,2,3,1,2,6,2,1,1,2,5,5,2,,1,2,2,3,2,5,4,1,1,1,,1,2,3,,,1,1,2,2,3,2,4,2,2,1,2,,,1,,4,3,,,1,,1,3,,,1,,3,2,8,1,,,,,4,,2,1
,,,,,,,,,,,,,,,,,,,,,,,,,,,,,,,,,,,,,,,,,,,,,,,,,,,,,,,,,,,,,,,,,,,,,,,,,,,,,,,,,,,,,,,,,,,
WBNU,1,,,,,,,,,,,,,,,,,,,,,,1,,,,,,,,,,,,,,,,,,,,,,,,,,,,,,,,,,,,,,,,,,,,,,,,,,,,,,,,,,,,,,,,,,,,
RBNU,10,,,1,1,,,,,1,,1,,,,,,1,,,,,,,1,,1,,,,,,,,,,,,,,,,,,,,,,,,,1,1,,,,,,,1,,,,,,,,,,,,,,,,,,,,,,,,,,,,,,,
,,,,,,,,,,,,,,,,,,,,,,,,,,,,,,,,,,,,,,,,,,,,,,,,,,,,,,,,,,,,,,,,,,,,,,,,,,,,,,,,,,,,,,,,,,,
BRCR,6,,,,,,,,,,,,,,,,,,,,,,,,,,,,,,,,,,1,,,,,1,,,,,,,,,,,,,1,,,,,,,,,,,,,,,,1,,,,,,,,,,1,1,,,,,,,,,,,
,,,,,,,,,,,,,,,,,,,,,,,,,,,,,,,,,,,,,,,,,,,,,,,,,,,,,,,,,,,,,,,,,,,,,,,,,,,,,,,,,,,,,,,,,,,
WIWR,1,,,,,,,,,,,1,,,,,,,,,,,,,,,,,,,,,,,,,,,,,,,,,,,,,,,,,,,,,,,,,,,,,,,,,,,,,,,,,,,,,,,,,,,,,,,
EABL,5,,,,,,,,,,,,,,,,,,,,,,,,,,,,,,,,,,,,,,,,,,,,,,,,,,2,,,,,,,,,1,,,,,,,,,2,,,,,,,,,,,,,,,,,,,,,,
HETH,3,,,,,,,,,,,,,,,,,,,,,,,,,,,,,,,,,,,,,,1,,,,,,,,,,,,,,,,,,,,,2,,,,,,,,,,,,,,,,,,,,,,,,,,,,,,,
AMRO,23,,,,1,1,,,,,,,,,,,,,,,,,,1,1,,2,,,,,,,,,,,,,,,,,,,,,,,,,1,4,1,,,2,,1,,,,,,,,1,1,1,,,,,,,,,1,,1,1,1,,,,,,,,,1
GRCA,1,,,,,,,,,,,,,,,,,,,,,,,,,,,,,,,,,,1,,,,,,,,,,,,,,,,,,,,,,,,,,,,,,,,,,,,,,,,,,,,,,,,,,,,,,,,
CEDW,177,8,3,16,18,4,,8,2,,2,24,8,10,1,1,5,6,2,2,5,,1,1,10,19,1,4,3,2,,,4,2,1,,,,,,1,,1,,,,,,2,,,,,,,,,,,,,,,,,,,,,,,,,,,,,,,,,,,,,,,,,,
Finch SP,10,,,,,,,,,,,,,,,,,,,,,,,,,,,,,,,,,,,,,,,,,,,,,,,,,,,,,,,,,,,,,,,,,,,,,,,,10,,,,,,,,,,,,,,,,,,
AMPI,23,,,,,,,,,,,,,,,,,,,,,,,1,,5,,,,,,,3,1,,,,,,,1,1,1,,,2,,3,,,,,,,,,2,,,,,,,,,,1,1,,,,,,,,1,,,,,,,,,,,,,,,
WWCR,16,,,,,,,,,,,,,,,,,,,,,,,,,,,,,,,,,,,,,,,,,,,,,,,,,,,,,,,,,,,9,,,,,,,2,2,3,,,,,,,,,,,,,,,,,,,,,,
RECR,3,,,,,,,,,,,,,,,,,,,,,,,,,,,,,,,,,,,,,,,,,,,,,,,,,,,,3,,,,,,,,,,,,,,,,,,,,,,,,,,,,,,,,,,,,,,
PUFI,7,,,,,,,,,,,,,,,,,,,,,,,,,,,,,,,,,,,,,,,,,,,,,,,,,,,,2,,,,,,1,,,,,,,,1,1,2,,,,,,,,,,,,,,,,,,,,,,
PISI,106,,,,,,,,,,,,,,,,,,,,,,,,,,,,,,,,,,,,,,,,,,,,,,,,,,,,4,,,,,,,,,,3,,,,19,5,1,,,,,1,67,,,4,1,,1,,,,,,,,,,
AGOL,66,1,1,1,,1,,2,,,,,,,1,,,1,,,1,,,,,1,,1,,1,,,,2,,,,,,,,,,,,,,,,,,,,,,,2,,1,,,,,,,,7,8,13,,,,,1,5,2,,2,,,6,3,1,,,,,,,,1
RWBL,6,,,,,,,,,,,,,,,,,,,,,,,,,,,,,,,,,,,,,,,,,,,,,,,,,,,,,,,,,,,,,,,,,,2,3,,,,,,,,,,1,,,,,,,,,,,,,
CHSP,1,,,,,,,,,,,,,,,,,,,,,,,,,,1,,,,,,,,,,,,,,,,,,,,,,,,,,,,,,,,,,,,,,,,,,,,,,,,,,,,,,,,,,,,,,,,
DEJU,16,,,1,,,,,,,,,,,,,,,,,,,,,,,,,,,,,2,,,,,,,1,,,1,,,,,1,1,,,,1,,,,1,,,,,,,,,,,1,1,,,,,1,1,,,,,,1,,,,,,,1,1,,
WTSP,5,,,,,,,,,,,,,,,,,,,,,,,,,,,,,,,,1,,1,,,,,,,1,,,,,,,,,,,1,,,,,,,,,,,,,,1,,,,,,,,,,,,,,,,,,,,,,,,
EATO,1,,,,,,,,,,,,,,,,1,,,,,,,,,,,,,,,,,,,,,,,,,,,,,,,,,,,,,,,,,,,,,,,,,,,,,,,,,,,,,,,,,,,,,,,,,,
SAVS,24,,,,,,,,,,,,,,,,,1,,,1,,,,,5,,1,,,,,3,,3,,,,,,,2,3,,,,,1,1,,,,2,1,,,,,,,,,,,,,,,,,,,,,,,,,,,,,,,,,,,,,
LISP,1,,,,,,,,,,,,,,,,,,,,,,,,,,,,,,,,,,,,,,,,,,,,,,,,1,,,,,,,,,,,,,,,,,,,,,,,,,,,,,,,,,,,,,,,,,,
SOSP,110,1,2,1,,2,,1,,1,1,,1,1,1,1,1,1,1,2,1,1,2,2,1,3,2,2,2,1,2,1,2,2,,1,1,2,2,2,4,6,2,,,3,1,2,4,,,2,10,1,1,1,2,,1,4,2,1,1,,,1,2,2,1,,,,,,1,,1,1,,,,2,,,,,,,,1,
SWSP,7,,,,,,,,,,,,,,,,,,,,,,,,,2,,,,,,,,,,,,,,,,2,2,,,,,,,,,,,,,,1,,,,,,,,,,,,,,,,,,,,,,,,,,,,,,,,,,
New World Sparrow sp.,2,,,,,1,,,,,,,,,,,,,,,,,,,1,,,,,,,,,,,,,,,,,,,,,,,,,,,,,,,,,,,,,,,,,,,,,,,,,,,,,,,,,,,,,,,,,,
COGR,23,,,,,,,,,,,,,,,,,,,,,,,,,,,,,,,,,,,,,,,,,,,,,,,3,,,,,7,,,,,,,,,,5,,,,1,5,,,,,,,,,2,,,,,,,,,,,,,,
Blackbird sp.,3,,,,,,,,,,,,,,,,,,,,,,,,,,,,,,,,,,,,,,,,,,,,,,,,,,,,,,,,,,,,,,2,,,,,,1,,,,,,,,,,,,,,,,,,,,,,
Am. Woodcock,1,,,,,,,,,,,,,,,,,,,,,,,,,,,,,,,,,,,,,,,,,,,,,,,,,,,,,,,,,,,,,,,,,,,,,,,,,,,,1,,,,,,,,,,,,,,
COYE,7,,,,,,,,,,,,,,,,,,,,,1,2,1,1,,,,,,,,1,,,,,,,,1,,,,,,,,,,,,,,,,,,,,,,,,,,,,,,,,,,,,,,,,,,,,,,,,,,
AMRE,2,,,,,2,,,,,,,,,,,,,,,,,,,,,,,,,,,,,,,,,,,,,,,,,,,,,,,,,,,,,,,,,,,,,,,,,,,,,,,,,,,,,,,,,,,,,
CMWA,3,,,,,,,,,,,2,,,,,,,,,,,,,,,,,,,,,,,1,,,,,,,,,,,,,,,,,,,,,,,,,,,,,,,,,,,,,,,,,,,,,,,,,,,,,,,,
MAWA,2,,,,,,,,,,,,,,,,,,,,,,,,,2,,,,,,,,,,,,,,,,,,,,,,,,,,,,,,,,,,,,,,,,,,,,,,,,,,,,,,,,,,,,,,,,,
YEWA,1,,,,,,,,1,,,,,,,,,,,,,,,,,,,,,,,,,,,,,,,,,,,,,,,,,,,,,,,,,,,,,,,,,,,,,,,,,,,,,,,,,,,,,,,,,,
BLPW,12,,,,,,,,,,,,2,,,,,,,,,,,3,3,,,,,,,,1,1,1,,,,,,,1,,,,,,,,,,,,,,,,,,,,,,,,,,,,,,,,,,,,,,,,,,,,,,,,,
PAWA,29,,1,,3,1,,,1,,,,5,,,,,,2,3,,,2,2,1,1,,,,,,,,2,1,,,,,,,,1,,,1,,,,,,,1,,,,,,,,,,,,,,,,,,,,,,1,,,,,,,,,,,,,,,,
YRWA,236,,,,,,,,,,2,,,10,,,1,,2,10,4,2,7,11,12,3,6,2,7,3,3,6,4,6,9,,,3,1,1,1,25,4,3,5,1,,3,4,8,,9,9,5,2,1,3,,11,8,1,,2,,,1,2,3,4,,,2,,,1,,,,,,,,,,,,,1,,1,1
New World Warbler sp.,101,,,,,,,,1,1,,1,4,21,5,2,1,2,4,5,3,15,6,2,5,3,2,3,2,,,1,3,,2,,,,1,,1,1,2,,,,,,,,,,,,,,,,,1,,,,,,,,,,,,,,,,,,,,,,,,,,,,1,,,
,,,,,,,,,,,,,,,,,,,,,,,,,,,,,,,,,,,,,,,,,,,,,,,,,,,,,,,,,,,,,,,,,,,,,,,,,,,,,,,,,,,,,,,,,,,
SNBU,99,,,,,,,,,,,,,,,,,,,,,,,,,,,,,,,,,,,,,,,,,,,,,,,,,,,,,,,,,,,,,,24,9,,,17,5,3,,,6,,10,2,,2,4,1,3,1,10,,,,,,1,,,1
,,,,,,,,,,,,,,,,,,,,,,,,,,,,,,,,,,,,,,,,,,,,,,,,,,,,,,,,,,,,,,,,,,,,,,,,,,,,,,,,,,,,,,,,,,,
NOCA,2,,,,,,,,,,,,,,,,,,,,,,,,,,,,,,,,,,,,,,,,,,,,,,,,,,,,,,,,1,,,,,,1,,,,,,,,,,,,,,,,,,,,,,,,,,,,
,,,,,,,,,,,,,,,,,,,,,,,,,,,,,,,,,,,,,,,,,,,,,,,,,,,,,,,,,,,,,,,,,,,,,,,,,,,,,,,,,,,,,,,,,,,
Passerine sp.,88,20,2,1,2,,,15,1,1,4,1,2,,,,,3,2,,1,,,1,,4,,,,,,,7,,,,,,,,1,1,,,,2,,3,,,,1,2,,,,1,,,3,,,5,,,,,,,,,,,1,,,,,,,,,,,,,,,1,,
,,,,,,,,,,,,,,,,,,,,,,,,,,,,,,,,,,,,,,,,,,,,,,,,,,,,,,,,,,,,,,,,,,,,,,,,,,,,,,,,,,,,,,,,,,,
Bird sp.,1,,,,,,,,,,,,,,,,,,,,,,,,,,,,,,,1,,,,,,,,,,,,,,,,,,,,,,,,,,,,,,,,,,,,,,,,,,,,,,,,,,,,,,,,,,,
,,,,,,,,,,,,,,,,,,,,,,,,,,,,,,,,,,,,,,,,,,,,,,,,,,,,,,,,,,,,,,,,,,,,,,,,,,,,,,,,,,,,,,,,,,,
Total,"41,661",167,308,226,387,244,43,662,247,172,162,241,267,468,106,434,554,361,477,768,709,220,179,224,304,"1,399",365,247,322,296,186,171,200,506,387,593,"1,352",569,107,268,348,617,"1,653","1,044",605,991,"1,667","1,781","3,316","2,096",641,978,448,223,183,194,301,4,387,"1,047","1,790",406,688,"1,048",361,615,298,267,362,67,43,609,410,63,182,181,106,102,62,72,37,66,31,,40,57,NO COUNT,98,71,16,91
Total check,"41,661",,,,,,,,,,,,,,,,,,,,,,,,,,,,,,,,,,,,,,,,,,,,,,,,,,,,,,,,,,,,,,,,,,,,,,,,,,,,,,,,,,,,,,,,,,
Visitors,,0,0,,,2,,,,,,,,,,,,,,,,,,,,,,,,,,,,,,,,,,,,,,,,,,,,,,,,,,,,,,,,,,,,,,,,,,,,,,,,,,,,,,,,,,,,,
Birds/hour,117,,,,,,,,,,,,,,,,,,,,,,,,,,,,,,,,,,,,,,,,,,,,,,,,,,,,,,,,,,,,,,,,,,,,,,,,,,,,,,,,,,,,,,,,,,
,116.92,,,,,,,,,,,,,,,,,,,,,,,,,,,,,,,,,,,,,,,,,,,,,,,,,,,,,,,,,,,,,,,,,,,,,,,,,,,,,,,,,,,,,,,,,,
Hours,356.3,5,5,5,,,,,,,,,,,,,,,,,,,,,,,,,,,,,,,,,,,,,,,,,,,,,,,,,,,,,,,,,,,,,,,,,,,,,,,,,,,,,,,,,,,,,,,
,,,,,,,,,,,,,,,,,,,,,,,,,,,,,,,,,,,,,,,,,,,,,,,,,,,,,,,,,,,,,,,,,,,,,,,,,,,,,,,,,,,,,,,,,,,
Monarch,,1 non-migrant,1 flew out to sea,,,,,,,,,,,,,,,,3,,,,,2,3,,,,,,,,,,,,,,,,,,,,,,,,,1,,,,,,,,,,,,,,,,,,,,,,,,,,,,,,,,,,,,,,,,,
,,,,,,,,,,,,,,,,,,,,,,,,,,,,,,,,,,,,,,,,,,,,,,,,,,,,,,,,,,,,,,,,,,,,,,,,,,,,,,,,,,,,,,,,,,,
Species,,"Grey seal, harbor porpoise","Red fox, harbor porpoise, harbor seal, minke ","Harbor seal, grey seal",,,,,,,,,,,,,,,,,,,,,,,,,,,,,,,,,,,,,,,,,,,,,,GRAY SEAL,,,,,,,,,,,,,,,,,,,,,,,,,,,,,,,,,,,,,,,,,
General Wind Dir/Velocity,,,,,,,,,,,,,,,,,,,,,,,,,,,,,,,,,,,,,,,,,,,,,,,,,,,,,,,,,,,,,,,,,,,,,,,,,,,,,,,,,,,,,,,,,,,
,,,,,,,,,,,,,,,,,,,,,,,,,,,,,,,,,,,,,,,,,,,,,,,,,,,,,,,,,,,,,,,,,,,,,,,,,,,,,,,,,,,,,,,,1,,1,1
N,,,,,,,,,,,,,,,,,,,,,,,,,,,,,,,,,,,,,,,,,,,,,,,,,,,,,,,,,,,,,,,,,,,,,,,,,,,,,,,,,,,,,,,,1,,,
E,,,,,,,,,,,,,,,,,,,,,,,,,,,,,,,,,,,,,,,,,,,,,,,,,,,,,,,,,,,,,,,,,,,,,,,,,,,,,,,,,,,,,,,,,,,
S,,,,,,,,,,,,,,,,,,,,,,,,,,,,,,,,,,,,,,,,,,,,,,,,,,,,,,,,,,,,,,,,,,,,,,,,,,,,,,,,,,,,,,,,,,,
W,,,,,,,,,,,,,,,,,,,,,,,,,,,,,,,,,,,,,,,,,,,,,,,,,,,,,,,,,,,,,,,,,,,,,,,,,,,,,,,,,,,,,,,,,,,
,,,,,,,,,,,,,,,,,,,,,,,,,,,,,,,,,,,,,,,,,,,,,,,,,,,,,,,,,,,,,,,,,,,,,,,,,,,,,,,,,,,,,,,,,1,,
,,,,,,,,,,,,,,,,,,,,,,,,,,,,,,,,,,,,,,,,,,,,,,,,,,,,,,,,,,,,,,,,,,,,,,,,,,,,,,,,,,,,,,,,,,,
,,,,,,,,,,,,,,,,,,,,,,,,,,,,,,,,,,,,,,,,,,,,,,,,,,,,,,,,,,,,,,,,,,,,,,,,,,,,,,,,,,,,,,,,,,,
WEATHER ANALYSIS,,,,,,,,,,,,,,,,,,,,,,,,,,,,,,,,,,,,,,,,,,,,,,,,,,,,,,,,,,,,,,,,,,,,,,,,,,,,,,,,,,,,,,,,,,,
<100 birds/hour,,,,,,,,,,,,,,,,,,,,,,,,,,,,,,,,,,,,,,,,,,,,,,,,,,,,,,,,,,,,,,,,,,,,,,,,,,,,,,,,,,,,,,,,,,,
Date,,,,,,,,,,,,,,,,,,,,,,,,,,,,,,,,,,,,,,,,,,,,,,,,,,,,,,,,,,,,,,,,,,,,,,,,,,,,,,,,,,,,,,,,,,,
Wind Direction,,,,,,,,,,,,,,,,,,,,,,,,,,,,,,,,,,,,,,,,,,,,,,,,,,,,,,,,,,,,,,,,,,,,,,,,,,,,,,,,,,,,,,,,,,,
Beaufort ,,,,,,,,,,,,,,,,,,,,,,,,,,,,,,,,,,,,,,,,,,,,,,,,,,,,,,,,,,,,,,,,,,,,,,,,,,,,,,,,,,,,,,,,,,,
,,,,,,,,,,,,,,,,,,,,,,,,,,,,,,,,,,,,,,,,,,,,,,,,,,,,,,,,,,,,,,,,,,,,,,,,,,,,,,,,,,,,,,,,,,,
,,,,,,,,,,,,,,,,,,,,,,,,,,,,,,,,,,,,,,,,,,,,,,,,,,,,,,,,,,,,,,,,,,,,,,,,,,,,,,,,,,,,,,,,,,,
,,,,,,,,,,,,,,,,,,,,,,,,,,,,,,,,,,,,,,,,,,,,,,,,,,,,,,,,,,,,,,,,,,,,,,,,,,,,,,,,,,,,,,,,,,,
200>>100 birds/hour,,,,,,,,,,,,,,,,,,,,,,,,,,,,,,,,,,,,,,,,,,,,,,,,,,,,,,,,,,,,,,,,,,,,,,,,,,,,,,,,,,,,,,,,,,,
Date,,,,,,,,,,,,,,,,,,,,,,,,,,,,,,,,,,,,,,,,,,,,,,,,,,,,,,,,,,,,,,,,,,,,,,,,,,,,,,,,,,,,,,,,,,,
Wind Direction,,,,,,,,,,,,,,,,,,,,,,,,,,,,,,,,,,,,,,,,,,,,,,,,,,,,,,,,,,,,,,,,,,,,,,,,,,,,,,,,,,,,,,,,,,,
Beaufort,,,,,,,,,,,,,,,,,,,,,,,,,,,,,,,,,,,,,,,,,,,,,,,,,,,,,,,,,,,,,,,,,,,,,,,,,,,,,,,,,,,,,,,,,,,
,,,,,,,,,,,,,,,,,,,,,,,,,,,,,,,,,,,,,,,,,,,,,,,,,,,,,,,,,,,,,,,,,,,,,,,,,,,,,,,,,,,,,,,,,,,
,,,,,,,,,,,,,,,,,,,,,,,,,,,,,,,,,,,,,,,,,,,,,,,,,,,,,,,,,,,,,,,,,,,,,,,,,,,,,,,,,,,,,,,,,,,
,,,,,,,,,,,,,,,,,,,,,,,,,,,,,,,,,,,,,,,,,,,,,,,,,,,,,,,,,,,,,,,,,,,,,,,,,,,,,,,,,,,,,,,,,,,
1000>>200 birds/hour,,,,,,,,,,,,,,,,,,,,,,,,,,,,,,,,,,,,,,,,,,,,,,,,,,,,,,,,,,,,,,,,,,,,,,,,,,,,,,,,,,,,,,,,,,,
Date,,,,,,,,,,,,,,,,,,,,,,,,,,,,,,,,,,,,,,,,,,,,,,,,,,,,,,,,,,,,,,,,,,,,,,,,,,,,,,,,,,,,,,,,,,,
Wind Direction,,,,,,,,,,,,,,,,,,,,,,,,,,,,,,,,,,,,,,,,,,,,,,,,,,,,,,,,,,,,,,,,,,,,,,,,,,,,,,,,,,,,,,,,,,,
Beaufort,,,,,,,,,,,,,,,,,,,,,,,,,,,,,,,,,,,,,,,,,,,,,,,,,,,,,,,,,,,,,,,,,,,,,,,,,,,,,,,,,,,,,,,,,,,
,,,,,,,,,,,,,,,,,,,,,,,,,,,,,,,,,,,,,,,,,,,,,,,,,,,,,,,,,,,,,,,,,,,,,,,,,,,,,,,,,,,,,,,,,,,
,,,,,,,,,,,,,,,,,,,,,,,,,,,,,,,,,,,,,,,,,,,,,,,,,,,,,,,,,,,,,,,,,,,,,,,,,,,,,,,,,,,,,,,,,,,
,,,,,,,,,,,,,,,,,,,,,,,,,,,,,,,,,,,,,,,,,,,,,,,,,,,,,,,,,,,,,,,,,,,,,,,,,,,,,,,,,,,,,,,,,,,
>1000 birds/hour,,,,,,,,,,,,,,,,,,,,,,,,,,,,,,,,,,,,,,,,,,,,,,,,,,,,,,,,,,,,,,,,,,,,,,,,,,,,,,,,,,,,,,,,,,,